PassengerId,Survived,Age_x_IsAlone,Deck_C,Deck_T,Deck_Unknown,Embarked_S,FamilySize,FarePerPerson,HasAge,LogAge,LogFare,Parch,Pclass,Pclass_x_Fare,Sex_male,SibSp,Title_Master,Title_Miss,Title_Mr,Title_Mrs
1,0,0.0,0,0,1,1,2,3.625,1,3.1354942159291497,2.110213200346589,0,3,21.75,1,1,0,0,1,0
2,1,0.0,1,0,0,0,2,35.64165,1,3.6635616461296463,4.2805931204649,0,1,71.2833,0,1,0,0,0,1
3,1,26.0,0,0,1,1,1,7.925,1,3.295836866004329,2.188856327665703,0,3,23.775,0,0,0,1,0,0
4,1,0.0,1,0,0,1,2,26.55,1,3.58351893845611,3.990834185852436,0,1,53.1,0,1,0,0,0,1
5,0,35.0,0,0,1,1,1,8.05,1,3.58351893845611,2.2027647577118348,0,3,24.15,1,0,0,0,1,0
6,0,28.0,0,0,1,0,1,8.4583,0,3.367295829986474,2.246892662898172,0,3,25.3749,1,0,0,0,1,0
7,0,54.0,0,0,0,1,1,51.8625,1,4.007333185232471,3.967694202798607,0,1,51.8625,1,0,0,0,1,0
8,0,0.0,0,0,1,1,5,4.215,1,1.252762968495368,3.094445746490024,1,3,63.225,1,3,1,0,0,0
9,1,0.0,0,0,1,1,3,3.7111,1,3.332204510175204,2.4959537387180646,2,3,33.3999,0,0,0,0,0,1
10,1,0.0,0,0,1,0,2,15.0354,1,2.70805020110221,3.436268471383741,0,2,60.1416,0,1,0,0,0,1
11,1,0.0,0,0,0,1,3,5.566666666666666,1,1.6094379124341005,2.873564639579784,1,3,50.1,0,1,0,1,0,0
12,1,54.5,1,0,0,1,1,26.55,1,4.0163830207523885,3.316002535598924,0,1,26.55,0,0,0,1,0,0
13,0,20.0,0,0,1,1,1,8.05,1,3.044522437723423,2.2027647577118348,0,3,24.15,1,0,0,0,1,0
14,0,0.0,0,0,1,1,7,4.467857142857143,1,3.688879454113936,3.4742929367327062,5,3,93.825,1,1,0,0,1,0
15,0,14.0,0,0,1,1,1,7.8542,1,2.70805020110221,2.180891922715322,0,3,23.5626,0,0,0,1,0,0
16,1,54.5,0,0,1,1,1,16.0,1,4.0163830207523885,2.833213344056216,0,2,32.0,0,0,0,0,0,1
17,0,0.0,0,0,1,0,6,4.854166666666667,1,1.252762968495368,3.405355391810819,1,3,87.375,1,4,1,0,0,0
18,1,28.0,0,0,1,1,1,13.0,0,3.367295829986474,2.639057329615259,0,2,26.0,1,0,0,0,1,0
19,0,0.0,0,0,1,1,2,9.0,1,3.4657359027997265,2.9444389791664403,0,3,54.0,0,1,0,0,0,1
20,1,28.0,0,0,1,0,1,7.225,0,3.367295829986474,2.107178296651436,0,3,21.675,0,0,0,0,0,1
21,0,35.0,0,0,1,1,1,26.0,1,3.58351893845611,3.295836866004329,0,2,52.0,1,0,0,0,1,0
22,1,34.0,0,0,0,1,1,13.0,1,3.555348061489413,2.639057329615259,0,2,26.0,1,0,0,0,1,0
23,1,15.0,0,0,1,0,1,8.0292,1,2.772588722239781,2.200463769927285,0,3,24.0876,0,0,0,1,0,0
24,1,28.0,0,0,0,1,1,35.5,1,3.367295829986474,3.597312260588446,0,1,35.5,1,0,0,0,1,0
25,0,0.0,0,0,1,1,5,4.215,1,2.19722457733622,3.094445746490024,1,3,63.225,0,3,0,1,0,0
26,1,0.0,0,0,1,1,7,4.483928571428572,1,3.6635616461296463,3.4777725458882283,5,3,94.1625,0,1,0,0,0,1
27,0,28.0,0,0,1,0,1,7.225,0,3.367295829986474,2.107178296651436,0,3,21.675,1,0,0,0,1,0
28,0,0.0,1,0,0,1,6,16.711466666666666,1,2.995732273553991,4.61777836776278,2,1,100.2688,1,3,0,0,1,0
29,1,28.0,0,0,1,0,1,7.8792,0,3.367295829986474,2.1837114628556327,0,3,23.6376,0,0,0,1,0,0
30,0,28.0,0,0,1,1,1,7.8958,0,3.367295829986474,2.1855792552411137,0,3,23.6874,1,0,0,0,1,0
31,0,40.0,0,0,1,0,1,27.7208,1,3.713572066704308,3.357621598945279,0,1,27.7208,1,0,0,0,0,0
32,1,0.0,0,0,0,0,2,50.1344,0,3.367295829986474,4.61777836776278,0,1,100.2688,0,1,0,0,0,1
33,1,28.0,0,0,1,0,1,7.75,0,3.367295829986474,2.169053700369523,0,3,23.25,0,0,0,1,0,0
34,0,54.5,0,0,1,1,1,10.5,1,4.0163830207523885,2.4423470353692043,0,2,21.0,1,0,0,0,1,0
35,0,0.0,0,0,1,0,2,41.0854,1,3.367295829986474,4.420896324687287,0,1,82.1708,1,1,0,0,1,0
36,0,0.0,0,0,1,1,2,26.0,1,3.7612001156935615,3.970291913552122,0,1,52.0,1,1,0,0,1,0
37,1,28.0,0,0,1,0,1,7.2292,0,3.367295829986474,2.1076888046179385,0,3,21.6876,1,0,0,0,1,0
38,0,21.0,0,0,1,1,1,8.05,1,3.091042453358316,2.2027647577118348,0,3,24.15,1,0,0,0,1,0
39,0,0.0,0,0,1,1,3,6.0,1,2.9444389791664403,2.9444389791664403,0,3,54.0,0,2,0,1,0,0
40,1,0.0,0,0,1,0,2,5.62085,1,2.70805020110221,2.5048481563289,0,3,33.7251,0,1,0,1,0,0
41,0,0.0,0,0,1,1,2,4.7375,1,3.713572066704308,2.3489914658082016,0,3,28.425,0,1,0,0,0,1
42,0,0.0,0,0,1,1,2,10.5,1,3.332204510175204,3.091042453358316,0,2,42.0,0,1,0,0,0,1
43,0,28.0,0,0,1,0,1,7.8958,0,3.367295829986474,2.1855792552411137,0,3,23.6874,1,0,0,0,1,0
44,1,0.0,0,0,1,0,4,10.3948,1,1.3862943611198906,3.751365871125377,2,2,83.1584,0,1,0,1,0,0
45,1,19.0,0,0,1,0,1,7.8792,1,2.995732273553991,2.1837114628556327,0,3,23.6376,0,0,0,1,0,0
46,0,28.0,0,0,1,1,1,8.05,0,3.367295829986474,2.2027647577118348,0,3,24.15,1,0,0,0,1,0
47,0,0.0,0,0,1,0,2,7.75,0,3.367295829986474,2.803360380906535,0,3,46.5,1,1,0,0,1,0
48,1,28.0,0,0,1,0,1,7.75,0,3.367295829986474,2.169053700369523,0,3,23.25,0,0,0,1,0,0
49,0,0.0,0,0,1,0,3,7.226400000000001,0,3.367295829986474,3.121448204868825,0,3,65.0376,1,2,0,0,1,0
50,0,0.0,0,0,1,1,2,8.9,1,2.9444389791664403,2.9338568698359038,0,3,53.400000000000006,0,1,0,0,0,1
51,0,0.0,0,0,1,1,6,6.614583333333333,1,2.079441541679836,3.705920919968788,1,3,119.0625,1,4,1,0,0,0
52,0,21.0,0,0,1,1,1,7.8,1,3.091042453358316,2.174751721484161,0,3,23.4,1,0,0,0,1,0
53,1,0.0,0,0,0,0,2,38.3646,1,3.912023005428146,4.353230991152628,0,1,76.7292,0,1,0,0,0,1
54,1,0.0,0,0,1,1,2,13.0,1,3.4011973816621555,3.295836866004329,0,2,52.0,0,1,0,0,0,1
55,0,0.0,0,0,0,0,2,30.9896,1,4.0163830207523885,4.142804513146981,1,1,61.9792,1,0,0,0,1,0
56,1,28.0,1,0,0,1,1,35.5,0,3.367295829986474,3.597312260588446,0,1,35.5,1,0,0,0,1,0
57,1,21.0,0,0,1,1,1,10.5,1,3.091042453358316,2.4423470353692043,0,2,21.0,0,0,0,1,0,0
58,0,28.5,0,0,1,0,1,7.2292,1,3.3843902633457743,2.1076888046179385,0,3,21.6876,1,0,0,0,1,0
59,1,0.0,0,0,1,1,4,6.9375,1,1.791759469228055,3.3586377672433594,2,2,55.5,0,1,0,1,0,0
60,0,0.0,0,0,1,1,8,5.8625,1,2.4849066497880004,3.8691155044168695,2,3,140.7,1,5,1,0,0,0
61,0,22.0,0,0,1,0,1,7.2292,1,3.1354942159291497,2.1076888046179385,0,3,21.6876,1,0,0,0,1,0
62,1,38.0,0,0,0,1,1,80.0,1,3.6635616461296463,4.394449154672439,0,1,80.0,0,0,0,1,0,0
63,0,0.0,1,0,0,1,2,41.7375,1,3.828641396489095,4.436455632600354,0,1,83.475,1,1,0,0,1,0
64,0,0.0,0,0,1,1,6,4.65,1,1.6094379124341005,3.3638415951183864,2,3,83.69999999999999,1,3,1,0,0,0
65,0,28.0,0,0,1,0,1,27.7208,0,3.367295829986474,3.357621598945279,0,1,27.7208,1,0,0,0,1,0
66,1,0.0,0,0,1,0,3,5.081933333333333,0,3.367295829986474,2.787834413830345,1,3,45.7374,1,1,1,0,0,0
67,1,29.0,0,0,0,1,1,10.5,1,3.4011973816621555,2.4423470353692043,0,2,21.0,0,0,0,0,0,1
68,0,19.0,0,0,1,1,1,8.1583,1,2.995732273553991,2.2146605719425225,0,3,24.4749,1,0,0,0,1,0
69,1,0.0,0,0,1,1,7,1.1321428571428571,1,2.8903717578961645,2.188856327665703,2,3,23.775,0,4,0,1,0,0
70,0,0.0,0,0,1,1,3,2.8875,1,3.295836866004329,2.2682524139135403,0,3,25.9875,1,2,0,0,1,0
71,0,32.0,0,0,1,1,1,10.5,1,3.49650756146648,2.4423470353692043,0,2,21.0,1,0,0,0,1,0
72,0,0.0,0,0,1,1,8,5.8625,1,2.833213344056216,3.8691155044168695,2,3,140.7,0,5,0,1,0,0
73,0,21.0,0,0,1,1,1,73.5,1,3.091042453358316,4.310799125385514,0,2,147.0,1,0,0,0,1,0
74,0,0.0,0,0,1,0,2,7.2271,1,3.295836866004329,2.737880811060884,0,3,43.3626,1,1,0,0,1,0
75,1,32.0,0,0,1,1,1,56.4958,1,3.49650756146648,4.051711901657239,0,3,169.4874,1,0,0,0,1,0
76,0,25.0,0,0,0,1,1,7.65,1,3.258096538021482,2.157559320943788,0,3,22.950000000000003,1,0,0,0,1,0
77,0,28.0,0,0,1,1,1,7.8958,0,3.367295829986474,2.1855792552411137,0,3,23.6874,1,0,0,0,1,0
78,0,28.0,0,0,1,1,1,8.05,0,3.367295829986474,2.2027647577118348,0,3,24.15,1,0,0,0,1,0
79,1,0.0,0,0,1,1,3,9.666666666666666,1,1.252762968495368,3.4011973816621555,2,2,58.0,1,0,1,0,0,0
80,1,30.0,0,0,1,1,1,12.475,1,3.4339872044851463,2.600836116795061,0,3,37.425,0,0,0,1,0,0
81,0,22.0,0,0,1,1,1,9.0,1,3.1354942159291497,2.302585092994046,0,3,27.0,1,0,0,0,1,0
82,1,29.0,0,0,1,1,1,9.5,1,3.4011973816621555,2.3513752571634776,0,3,28.5,1,0,0,0,1,0
83,1,28.0,0,0,1,0,1,7.7875,0,3.367295829986474,2.1733302571367834,0,3,23.3625,0,0,0,1,0,0
84,0,28.0,0,0,1,1,1,47.1,1,3.367295829986474,3.873282177111716,0,1,47.1,1,0,0,0,1,0
85,1,17.0,0,0,1,1,1,10.5,1,2.8903717578961645,2.4423470353692043,0,2,21.0,0,0,0,1,0,0
86,1,0.0,0,0,1,1,4,3.9625,1,3.5263605246161616,2.8243506567983707,0,3,47.55,0,3,0,0,0,1
87,0,0.0,0,0,1,1,5,6.875,1,2.833213344056216,3.566005355963401,3,3,103.125,1,1,0,0,1,0
88,0,28.0,0,0,1,1,1,8.05,0,3.367295829986474,2.2027647577118348,0,3,24.15,1,0,0,0,1,0
89,1,0.0,1,0,0,1,6,16.711466666666666,1,3.1780538303479458,4.61777836776278,2,1,100.2688,0,3,0,1,0,0
90,0,24.0,0,0,1,1,1,8.05,1,3.218875824868201,2.2027647577118348,0,3,24.15,1,0,0,0,1,0
91,0,29.0,0,0,1,1,1,8.05,1,3.4011973816621555,2.2027647577118348,0,3,24.15,1,0,0,0,1,0
92,0,20.0,0,0,1,1,1,7.8542,1,3.044522437723423,2.180891922715322,0,3,23.5626,1,0,0,0,1,0
93,0,0.0,0,0,0,1,2,30.5875,1,3.8501476017100575,4.1299529896894684,0,1,61.175,1,1,0,0,1,0
94,0,0.0,0,0,1,1,4,5.14375,1,3.295836866004329,3.0715352369694915,2,3,61.725,1,1,0,0,1,0
95,0,54.5,0,0,1,1,1,7.25,1,4.0163830207523885,2.110213200346589,0,3,21.75,1,0,0,0,1,0
96,0,28.0,0,0,1,1,1,8.05,0,3.367295829986474,2.2027647577118348,0,3,24.15,1,0,0,0,1,0
97,0,54.5,0,0,0,0,1,34.6542,1,4.0163830207523885,3.57386695198272,0,1,34.6542,1,0,0,0,1,0
98,1,0.0,0,0,0,0,2,31.67915,1,3.1780538303479458,4.164465907853638,1,1,63.3583,1,0,0,0,1,0
99,1,0.0,0,0,1,1,2,11.5,1,3.555348061489413,3.1780538303479458,1,2,46.0,0,0,0,0,0,1
100,0,0.0,0,0,1,1,2,13.0,1,3.555348061489413,3.295836866004329,0,2,52.0,1,1,0,0,1,0
101,0,28.0,0,0,1,1,1,7.8958,1,3.367295829986474,2.1855792552411137,0,3,23.6874,0,0,0,1,0,0
102,0,28.0,0,0,1,1,1,7.8958,0,3.367295829986474,2.1855792552411137,0,3,23.6874,1,0,0,0,1,0
103,0,0.0,0,0,0,1,2,38.64375,1,3.091042453358316,4.360387947851531,1,1,77.2875,1,0,0,0,1,0
104,0,33.0,0,0,1,1,1,8.6542,1,3.5263605246161616,2.267393053825037,0,3,25.9626,1,0,0,0,1,0
105,0,0.0,0,0,1,1,3,2.6416666666666666,1,3.6375861597263857,2.188856327665703,0,3,23.775,1,2,0,0,1,0
106,0,28.0,0,0,1,1,1,7.8958,1,3.367295829986474,2.1855792552411137,0,3,23.6874,1,0,0,0,1,0
107,1,21.0,0,0,1,1,1,7.65,1,3.091042453358316,2.157559320943788,0,3,22.950000000000003,0,0,0,1,0,0
108,1,28.0,0,0,1,1,1,7.775,0,3.367295829986474,2.1719067693519296,0,3,23.325000000000003,1,0,0,0,1,0
109,0,38.0,0,0,1,1,1,7.8958,1,3.6635616461296463,2.1855792552411137,0,3,23.6874,1,0,0,0,1,0
110,1,0.0,0,0,1,0,2,12.075,0,3.367295829986474,3.224857896545748,0,3,72.44999999999999,0,1,0,1,0,0
111,0,47.0,1,0,0,1,1,52.0,1,3.8712010109078903,3.970291913552122,0,1,52.0,1,0,0,0,1,0
112,0,0.0,0,0,1,0,2,7.2271,1,2.740840023925201,2.737880811060884,0,3,43.3626,0,1,0,1,0,0
113,0,22.0,0,0,1,1,1,8.05,1,3.1354942159291497,2.2027647577118348,0,3,24.15,1,0,0,0,1,0
114,0,0.0,0,0,1,1,2,4.9125,1,3.044522437723423,2.381858273888553,0,3,29.475,0,1,0,1,0,0
115,0,17.0,0,0,1,0,1,14.4583,1,2.8903717578961645,2.738146075922933,0,3,43.3749,0,0,0,1,0,0
116,0,21.0,0,0,1,1,1,7.925,1,3.091042453358316,2.188856327665703,0,3,23.775,1,0,0,0,1,0
117,0,54.5,0,0,1,0,1,7.75,1,4.0163830207523885,2.169053700369523,0,3,23.25,1,0,0,0,1,0
118,0,0.0,0,0,1,1,2,10.5,1,3.4011973816621555,3.091042453358316,0,2,42.0,1,1,0,0,1,0
119,0,0.0,0,0,0,0,2,50.1344,1,3.218875824868201,4.61777836776278,1,1,100.2688,1,0,0,0,1,0
120,0,0.0,0,0,1,1,7,4.467857142857143,1,1.252762968495368,3.4742929367327062,2,3,93.825,0,4,0,1,0,0
121,0,0.0,0,0,1,1,3,24.5,1,3.091042453358316,4.310799125385514,0,2,147.0,1,2,0,0,1,0
122,0,28.0,0,0,1,1,1,8.05,0,3.367295829986474,2.2027647577118348,0,3,24.15,1,0,0,0,1,0
123,0,0.0,0,0,1,0,2,15.0354,1,3.5115454388310208,3.436268471383741,0,2,60.1416,1,1,0,0,1,0
124,1,32.5,0,0,0,1,1,13.0,1,3.5115454388310208,2.639057329615259,0,2,26.0,0,0,0,1,0,0
125,0,0.0,0,0,0,1,2,38.64375,1,4.007333185232471,4.360387947851531,1,1,77.2875,1,0,0,0,1,0
126,1,0.0,0,0,1,0,2,5.62085,1,2.5649493574615367,2.5048481563289,0,3,33.7251,1,1,1,0,0,0
127,0,28.0,0,0,1,0,1,7.75,0,3.367295829986474,2.169053700369523,0,3,23.25,1,0,0,0,1,0
128,1,24.0,0,0,1,1,1,7.1417,1,3.218875824868201,2.0969990034181696,0,3,21.4251,1,0,0,0,1,0
129,1,0.0,0,0,0,0,3,7.452766666666666,0,3.367295829986474,3.1509523813392697,1,3,67.0749,0,1,0,1,0,0
130,0,45.0,0,0,1,1,1,6.975,1,3.828641396489095,2.076311648670908,0,3,20.925,1,0,0,0,1,0
131,0,33.0,0,0,1,0,1,7.8958,1,3.5263605246161616,2.1855792552411137,0,3,23.6874,1,0,0,0,1,0
132,0,20.0,0,0,1,1,1,7.05,1,3.044522437723423,2.085672091430472,0,3,21.15,1,0,0,0,1,0
133,0,0.0,0,0,1,1,2,7.25,1,3.8712010109078903,2.740840023925201,0,3,43.5,0,1,0,0,0,1
134,1,0.0,0,0,1,1,2,13.0,1,3.4011973816621555,3.295836866004329,0,2,52.0,0,1,0,0,0,1
135,0,25.0,0,0,1,1,1,13.0,1,3.258096538021482,2.639057329615259,0,2,26.0,1,0,0,0,1,0
136,0,23.0,0,0,1,0,1,15.0458,1,3.1780538303479458,2.775447133088262,0,2,30.0916,1,0,0,0,1,0
137,1,0.0,0,0,0,1,3,8.7611,1,2.995732273553991,3.3062747934011893,2,1,26.2833,0,0,0,1,0,0
138,0,0.0,1,0,0,1,2,26.55,1,3.6375861597263857,3.990834185852436,0,1,53.1,1,1,0,0,1,0
139,0,16.0,0,0,1,1,1,9.2167,1,2.833213344056216,2.3240236363515288,0,3,27.6501,1,0,0,0,1,0
140,0,24.0,0,0,0,0,1,79.2,1,3.218875824868201,4.384523514872469,0,1,79.2,1,0,0,0,1,0
141,0,0.0,0,0,1,0,3,5.081933333333333,0,3.367295829986474,2.787834413830345,2,3,45.7374,0,0,0,0,0,1
142,1,22.0,0,0,1,1,1,7.75,1,3.1354942159291497,2.169053700369523,0,3,23.25,0,0,0,1,0,0
143,1,0.0,0,0,1,1,2,7.925,1,3.218875824868201,2.8243506567983707,0,3,47.55,0,1,0,0,0,1
144,0,19.0,0,0,1,0,1,6.75,1,2.995732273553991,2.0476928433652555,0,3,20.25,1,0,0,0,1,0
145,0,18.0,0,0,1,1,1,11.5,1,2.9444389791664403,2.525728644308256,0,2,23.0,1,0,0,0,1,0
146,0,0.0,0,0,1,1,3,12.25,1,2.995732273553991,3.6309854756950335,1,2,73.5,1,1,0,0,1,0
147,1,27.0,0,0,1,1,1,7.7958,1,3.332204510175204,2.174274334826008,0,3,23.3874,1,0,0,0,1,0
148,0,0.0,0,0,1,1,5,6.875,1,2.302585092994046,3.566005355963401,2,3,103.125,0,2,0,1,0,0
149,0,0.0,0,0,0,1,3,8.666666666666666,1,3.624340932976365,3.295836866004329,2,2,52.0,1,0,0,0,1,0
150,0,42.0,0,0,1,1,1,13.0,1,3.7612001156935615,2.639057329615259,0,2,26.0,1,0,0,0,0,0
151,0,51.0,0,0,1,1,1,12.525,1,3.951243718581428,2.6045398247325453,0,2,25.05,1,0,0,0,0,0
152,1,0.0,1,0,0,1,2,33.3,1,3.1354942159291497,4.213607983048918,0,1,66.6,0,1,0,0,0,1
153,0,54.5,0,0,1,1,1,8.05,1,4.0163830207523885,2.2027647577118348,0,3,24.15,1,0,0,0,1,0
154,0,0.0,0,0,1,1,3,4.833333333333333,1,3.725693427236653,2.740840023925201,2,3,43.5,1,0,0,0,1,0
155,0,28.0,0,0,1,1,1,7.3125,0,3.367295829986474,2.117760405981973,0,3,21.9375,1,0,0,0,1,0
156,0,0.0,0,0,1,0,2,30.6896,1,3.951243718581428,4.133231886474144,1,1,61.3792,1,0,0,0,1,0
157,1,16.0,0,0,1,0,1,7.7333,1,2.833213344056216,2.167143305297764,0,3,23.1999,0,0,0,1,0,0
158,0,30.0,0,0,1,1,1,8.05,1,3.4339872044851463,2.2027647577118348,0,3,24.15,1,0,0,0,1,0
159,0,28.0,0,0,1,1,1,8.6625,0,3.367295829986474,2.2682524139135403,0,3,25.9875,1,0,0,0,1,0
160,0,0.0,0,0,1,1,11,6.322727272727272,0,3.367295829986474,4.256321678298823,2,3,208.65,1,8,1,0,0,0
161,0,0.0,0,0,1,1,2,8.05,1,3.80666248977032,2.8390784635086144,1,3,48.3,1,0,0,0,1,0
162,1,40.0,0,0,1,1,1,15.75,1,3.713572066704308,2.818398258271076,0,2,31.5,0,0,0,0,0,1
163,0,26.0,0,0,1,1,1,7.775,1,3.295836866004329,2.1719067693519296,0,3,23.325000000000003,1,0,0,0,1,0
164,0,17.0,0,0,1,1,1,8.6625,1,2.8903717578961645,2.2682524139135403,0,3,25.9875,1,0,0,0,1,0
165,0,0.0,0,0,1,1,6,6.614583333333333,1,1.252762968495368,3.705920919968788,1,3,119.0625,1,4,1,0,0,0
166,1,0.0,0,0,1,1,3,6.841666666666666,1,2.302585092994046,3.0692150503137943,2,3,61.575,1,0,1,0,0,0
167,1,0.0,0,0,0,1,2,27.5,0,3.367295829986474,4.02535169073515,1,1,55.0,0,0,0,0,0,1
168,0,0.0,0,0,1,1,6,4.65,1,3.828641396489095,3.3638415951183864,4,3,83.69999999999999,0,1,0,0,0,1
169,0,28.0,0,0,1,1,1,25.925,0,3.367295829986474,3.2930552230424524,0,1,25.925,1,0,0,0,1,0
170,0,28.0,0,0,1,1,1,56.4958,1,3.367295829986474,4.051711901657239,0,3,169.4874,1,0,0,0,1,0
171,0,54.5,0,0,0,1,1,33.5,1,4.0163830207523885,3.5409593240373143,0,1,33.5,1,0,0,0,1,0
172,0,0.0,0,0,1,0,6,4.854166666666667,1,1.6094379124341005,3.405355391810819,1,3,87.375,1,4,1,0,0,0
173,1,0.0,0,0,1,1,3,3.7111,1,1.252762968495368,2.4959537387180646,1,3,33.3999,0,1,0,1,0,0
174,0,21.0,0,0,1,1,1,7.925,1,3.091042453358316,2.188856327665703,0,3,23.775,1,0,0,0,1,0
175,0,54.5,0,0,0,0,1,30.6958,1,4.0163830207523885,3.4561841799918147,0,1,30.6958,1,0,0,0,1,0
176,0,0.0,0,0,1,1,3,2.6180666666666665,1,2.9444389791664403,2.180891922715322,1,3,23.5626,1,1,0,0,1,0
177,0,0.0,0,0,1,1,5,5.09334,0,3.367295829986474,3.275887339030031,1,3,76.4001,1,3,1,0,0,0
178,0,50.0,1,0,0,0,1,28.7125,1,3.9318256327243257,3.391567832686312,0,1,28.7125,0,0,0,1,0,0
179,0,30.0,0,0,1,1,1,13.0,1,3.4339872044851463,2.639057329615259,0,2,26.0,1,0,0,0,1,0
180,0,36.0,0,0,1,1,1,0.0,1,3.610917912644224,0.0,0,3,0.0,1,0,0,0,1,0
181,0,0.0,0,0,1,1,11,6.322727272727272,0,3.367295829986474,4.256321678298823,2,3,208.65,0,8,0,1,0,0
182,0,28.0,0,0,1,0,1,15.05,0,3.367295829986474,2.775708849576025,0,2,30.1,1,0,0,0,1,0
183,0,0.0,0,0,1,1,7,4.483928571428572,1,2.302585092994046,3.4777725458882283,2,3,94.1625,1,4,1,0,0,0
184,1,0.0,0,0,0,1,4,9.75,1,1.252762968495368,3.688879454113936,1,2,78.0,1,2,1,0,0,0
185,1,0.0,0,0,1,1,3,7.341666666666666,1,1.6094379124341005,3.1365805821413706,2,3,66.07499999999999,0,0,0,1,0,0
186,0,28.0,0,0,0,1,1,50.0,0,3.367295829986474,3.9318256327243257,0,1,50.0,1,0,0,0,1,0
187,1,0.0,0,0,1,0,2,7.75,0,3.367295829986474,2.803360380906535,0,3,46.5,0,1,0,0,0,1
188,1,45.0,0,0,1,1,1,26.55,1,3.828641396489095,3.316002535598924,0,1,26.55,1,0,0,0,1,0
189,0,0.0,0,0,1,0,3,5.166666666666667,1,3.713572066704308,2.803360380906535,1,3,46.5,1,1,0,0,1,0
190,0,36.0,0,0,1,1,1,7.8958,1,3.610917912644224,2.1855792552411137,0,3,23.6874,1,0,0,0,1,0
191,1,32.0,0,0,1,1,1,13.0,1,3.49650756146648,2.639057329615259,0,2,26.0,0,0,0,0,0,1
192,0,19.0,0,0,1,1,1,13.0,1,2.995732273553991,2.639057329615259,0,2,26.0,1,0,0,0,1,0
193,1,0.0,0,0,1,1,2,3.9271,1,2.995732273553991,2.180891922715322,0,3,23.5626,0,1,0,1,0,0
194,1,0.0,0,0,0,1,3,8.666666666666666,1,1.3862943611198906,3.295836866004329,1,2,52.0,1,1,1,0,0,0
195,1,44.0,0,0,0,0,1,27.7208,1,3.80666248977032,3.357621598945279,0,1,27.7208,0,0,0,0,0,1
196,1,54.5,0,0,0,0,1,100.2688,1,4.0163830207523885,4.61777836776278,0,1,100.2688,0,0,0,1,0,0
197,0,28.0,0,0,1,0,1,7.75,0,3.367295829986474,2.169053700369523,0,3,23.25,1,0,0,0,1,0
198,0,0.0,0,0,1,1,2,4.2021,1,3.7612001156935615,2.241156397997397,1,3,25.2126,1,0,0,0,1,0
199,1,28.0,0,0,1,0,1,7.75,0,3.367295829986474,2.169053700369523,0,3,23.25,0,0,0,1,0,0
200,0,24.0,0,0,1,1,1,13.0,1,3.218875824868201,2.639057329615259,0,2,26.0,0,0,0,1,0,0
201,0,28.0,0,0,1,1,1,9.5,1,3.367295829986474,2.3513752571634776,0,3,28.5,1,0,0,0,1,0
202,0,0.0,0,0,1,1,11,6.322727272727272,0,3.367295829986474,4.256321678298823,2,3,208.65,1,8,0,0,1,0
203,0,34.0,0,0,1,1,1,6.4958,1,3.555348061489413,2.014342863683701,0,3,19.4874,1,0,0,0,1,0
204,0,45.5,0,0,1,0,1,7.225,1,3.839452312593311,2.107178296651436,0,3,21.675,1,0,0,0,1,0
205,1,18.0,0,0,1,1,1,8.05,1,2.9444389791664403,2.2027647577118348,0,3,24.15,1,0,0,0,1,0
206,0,0.0,0,0,0,1,2,5.23125,1,1.252762968495368,2.4390808375825834,1,3,31.387500000000003,0,0,0,1,0,0
207,0,0.0,0,0,1,1,2,7.925,1,3.49650756146648,2.8243506567983707,0,3,47.55,1,1,0,0,1,0
208,1,26.0,0,0,1,0,1,18.7875,1,3.295836866004329,2.9850504252071306,0,3,56.3625,1,0,0,0,1,0
209,1,16.0,0,0,1,0,1,7.75,1,2.833213344056216,2.169053700369523,0,3,23.25,0,0,0,1,0,0
210,1,40.0,0,0,0,0,1,31.0,1,3.713572066704308,3.4657359027997265,0,1,31.0,1,0,0,0,1,0
211,0,24.0,0,0,1,1,1,7.05,1,3.218875824868201,2.085672091430472,0,3,21.15,1,0,0,0,1,0
212,1,35.0,0,0,1,1,1,21.0,1,3.58351893845611,3.091042453358316,0,2,42.0,0,0,0,1,0,0
213,0,22.0,0,0,1,1,1,7.25,1,3.1354942159291497,2.110213200346589,0,3,21.75,1,0,0,0,1,0
214,0,30.0,0,0,1,1,1,13.0,1,3.4339872044851463,2.639057329615259,0,2,26.0,1,0,0,0,1,0
215,0,0.0,0,0,1,0,2,3.875,0,3.367295829986474,2.169053700369523,0,3,23.25,1,1,0,0,1,0
216,1,0.0,0,0,0,0,2,50.1344,1,3.4657359027997265,4.61777836776278,0,1,100.2688,0,1,0,1,0,0
217,1,27.0,0,0,1,1,1,7.925,1,3.332204510175204,2.188856327665703,0,3,23.775,0,0,0,1,0,0
218,0,0.0,0,0,1,1,2,13.5,1,3.7612001156935615,3.332204510175204,0,2,54.0,1,1,0,0,1,0
219,1,32.0,0,0,0,0,1,76.2917,1,3.49650756146648,4.347586575960343,0,1,76.2917,0,0,0,1,0,0
220,0,30.0,0,0,1,1,1,10.5,1,3.4339872044851463,2.4423470353692043,0,2,21.0,1,0,0,0,1,0
221,1,16.0,0,0,1,1,1,8.05,1,2.833213344056216,2.2027647577118348,0,3,24.15,1,0,0,0,1,0
222,0,27.0,0,0,1,1,1,13.0,1,3.332204510175204,2.639057329615259,0,2,26.0,1,0,0,0,1,0
223,0,51.0,0,0,1,1,1,8.05,1,3.951243718581428,2.2027647577118348,0,3,24.15,1,0,0,0,1,0
224,0,28.0,0,0,1,1,1,7.8958,0,3.367295829986474,2.1855792552411137,0,3,23.6874,1,0,0,0,1,0
225,1,0.0,1,0,0,1,2,45.0,1,3.6635616461296463,4.51085950651685,0,1,90.0,1,1,0,0,1,0
226,0,22.0,0,0,1,1,1,9.35,1,3.1354942159291497,2.336986519711378,0,3,28.05,1,0,0,0,1,0
227,1,19.0,0,0,1,1,1,10.5,1,2.995732273553991,2.4423470353692043,0,2,21.0,1,0,0,0,1,0
228,0,20.5,0,0,1,1,1,7.25,1,3.068052935133617,2.110213200346589,0,3,21.75,1,0,0,0,1,0
229,0,18.0,0,0,1,1,1,13.0,1,2.9444389791664403,2.639057329615259,0,2,26.0,1,0,0,0,1,0
230,0,0.0,0,0,1,1,5,5.09334,0,3.367295829986474,3.275887339030031,1,3,76.4001,0,3,0,1,0,0
231,1,0.0,1,0,0,1,2,41.7375,1,3.58351893845611,4.436455632600354,0,1,83.475,0,1,0,0,0,1
232,0,29.0,0,0,1,1,1,7.775,1,3.4011973816621555,2.1719067693519296,0,3,23.325000000000003,1,0,0,0,1,0
233,0,54.5,0,0,1,1,1,13.5,1,4.0163830207523885,2.6741486494265287,0,2,27.0,1,0,0,0,1,0
234,1,0.0,0,0,1,1,7,4.483928571428572,1,1.791759469228055,3.4777725458882283,2,3,94.1625,0,4,0,1,0,0
235,0,24.0,0,0,1,1,1,10.5,1,3.218875824868201,2.4423470353692043,0,2,21.0,1,0,0,0,1,0
236,0,28.0,0,0,1,1,1,7.55,0,3.367295829986474,2.145931282948669,0,3,22.65,0,0,0,1,0,0
237,0,0.0,0,0,1,1,2,13.0,1,3.80666248977032,3.295836866004329,0,2,52.0,1,1,0,0,1,0
238,1,0.0,0,0,1,1,3,8.75,1,2.19722457733622,3.305053521109253,2,2,52.5,0,0,0,1,0,0
239,0,19.0,0,0,1,1,1,10.5,1,2.995732273553991,2.4423470353692043,0,2,21.0,1,0,0,0,1,0
240,0,33.0,0,0,1,1,1,12.275,1,3.5263605246161616,2.5858825671280026,0,2,24.55,1,0,0,0,1,0
241,0,0.0,0,0,1,0,2,7.2271,0,3.367295829986474,2.737880811060884,0,3,43.3626,0,1,0,1,0,0
242,1,0.0,0,0,1,0,2,7.75,0,3.367295829986474,2.803360380906535,0,3,46.5,0,1,0,1,0,0
243,0,29.0,0,0,1,1,1,10.5,1,3.4011973816621555,2.4423470353692043,0,2,21.0,1,0,0,0,1,0
244,0,22.0,0,0,1,1,1,7.125,1,3.1354942159291497,2.094945728215801,0,3,21.375,1,0,0,0,1,0
245,0,30.0,0,0,1,0,1,7.225,1,3.4339872044851463,2.107178296651436,0,3,21.675,1,0,0,0,1,0
246,0,0.0,1,0,0,0,3,30.0,1,3.80666248977032,4.51085950651685,0,1,90.0,1,2,0,0,0,0
247,0,25.0,0,0,1,1,1,7.775,1,3.258096538021482,2.1719067693519296,0,3,23.325000000000003,0,0,0,1,0,0
248,1,0.0,0,0,1,1,3,4.833333333333333,1,3.218875824868201,2.740840023925201,2,2,29.0,0,0,0,0,0,1
249,1,0.0,0,0,0,1,3,17.518066666666666,1,3.6375861597263857,3.980694225190728,1,1,52.5542,1,1,0,0,1,0
250,0,0.0,0,0,1,1,2,13.0,1,4.007333185232471,3.295836866004329,0,2,52.0,1,1,0,0,0,0
251,0,28.0,0,0,1,1,1,7.25,0,3.367295829986474,2.110213200346589,0,3,21.75,1,0,0,0,1,0
252,0,0.0,0,0,0,1,3,3.4875000000000003,1,3.4011973816621555,2.4390808375825834,1,3,31.387500000000003,0,1,0,0,0,1
253,0,54.5,1,0,0,1,1,26.55,1,4.0163830207523885,3.316002535598924,0,1,26.55,1,0,0,0,1,0
254,0,0.0,0,0,1,1,2,8.05,1,3.4339872044851463,2.8390784635086144,0,3,48.3,1,1,0,0,1,0
255,0,0.0,0,0,1,1,3,6.7375,1,3.737669618283368,3.0545906305603445,2,3,60.6375,0,0,0,0,0,1
256,1,0.0,0,0,1,0,3,5.081933333333333,1,3.4011973816621555,2.787834413830345,2,3,45.7374,0,0,0,0,0,1
257,1,28.0,0,0,1,0,1,79.2,0,3.367295829986474,4.384523514872469,0,1,79.2,0,0,0,0,0,1
258,1,30.0,0,0,0,1,1,86.5,1,3.4339872044851463,4.471638793363569,0,1,86.5,0,0,0,1,0,0
259,1,35.0,0,0,1,0,1,100.2688,1,3.58351893845611,4.61777836776278,0,1,100.2688,0,0,0,1,0,0
260,1,0.0,0,0,1,1,2,13.0,1,3.9318256327243257,3.295836866004329,1,2,52.0,0,0,0,0,0,1
261,0,28.0,0,0,1,0,1,7.75,0,3.367295829986474,2.169053700369523,0,3,23.25,1,0,0,0,1,0
262,1,0.0,0,0,1,1,7,4.483928571428572,1,1.3862943611198906,3.4777725458882283,2,3,94.1625,1,4,1,0,0,0
263,0,0.0,0,0,0,1,3,26.55,1,3.970291913552122,4.390118804571218,1,1,79.65,1,1,0,0,1,0
264,0,40.0,0,0,0,1,1,0.0,1,3.713572066704308,0.0,0,1,0.0,1,0,0,0,1,0
265,0,28.0,0,0,1,0,1,7.75,0,3.367295829986474,2.169053700369523,0,3,23.25,0,0,0,1,0,0
266,0,36.0,0,0,1,1,1,10.5,1,3.610917912644224,2.4423470353692043,0,2,21.0,1,0,0,0,1,0
267,0,0.0,0,0,1,1,6,6.614583333333333,1,2.833213344056216,3.705920919968788,1,3,119.0625,1,4,0,0,1,0
268,1,0.0,0,0,1,1,2,3.8875,1,3.258096538021482,2.1719067693519296,0,3,23.325000000000003,1,1,0,0,1,0
269,1,0.0,1,0,0,1,2,50.1344,1,4.0163830207523885,4.61777836776278,1,1,100.2688,0,0,0,0,0,1
270,1,35.0,1,0,0,1,1,100.2688,1,3.58351893845611,4.61777836776278,0,1,100.2688,0,0,0,1,0,0
271,0,28.0,0,0,1,1,1,31.0,0,3.367295829986474,3.4657359027997265,0,1,31.0,1,0,0,0,1,0
272,1,25.0,0,0,1,1,1,0.0,1,3.258096538021482,0.0,0,3,0.0,1,0,0,0,1,0
273,1,0.0,0,0,1,1,2,9.75,1,3.737669618283368,3.0204248861443626,1,2,39.0,0,0,0,0,0,1
274,0,0.0,1,0,0,0,2,14.85,1,3.6375861597263857,3.4242626545931514,1,1,29.7,1,0,0,0,1,0
275,1,28.0,0,0,1,0,1,7.75,0,3.367295829986474,2.169053700369523,0,3,23.25,0,0,0,1,0,0
276,1,0.0,0,0,0,1,2,38.97915,1,4.0163830207523885,4.368919865004903,0,1,77.9583,0,1,0,1,0,0
277,0,45.0,0,0,1,1,1,7.75,1,3.828641396489095,2.169053700369523,0,3,23.25,0,0,0,1,0,0
278,0,28.0,0,0,1,1,1,0.0,0,3.367295829986474,0.0,0,2,0.0,1,0,0,0,1,0
279,0,0.0,0,0,1,0,6,4.854166666666667,1,2.079441541679836,3.405355391810819,1,3,87.375,1,4,1,0,0,0
280,1,0.0,0,0,1,1,3,6.75,1,3.58351893845611,3.056356895370426,1,3,60.75,0,1,0,0,0,1
281,0,54.5,0,0,1,0,1,7.75,1,4.0163830207523885,2.169053700369523,0,3,23.25,1,0,0,0,1,0
282,0,28.0,0,0,1,1,1,7.8542,1,3.367295829986474,2.180891922715322,0,3,23.5626,1,0,0,0,1,0
283,0,16.0,0,0,1,1,1,9.5,1,2.833213344056216,2.3513752571634776,0,3,28.5,1,0,0,0,1,0
284,1,19.0,0,0,1,1,1,8.05,1,2.995732273553991,2.2027647577118348,0,3,24.15,1,0,0,0,1,0
285,0,28.0,0,0,0,1,1,26.0,0,3.367295829986474,3.295836866004329,0,1,26.0,1,0,0,0,1,0
286,0,33.0,0,0,1,0,1,8.6625,1,3.5263605246161616,2.2682524139135403,0,3,25.9875,1,0,0,0,1,0
287,1,30.0,0,0,1,1,1,9.5,1,3.4339872044851463,2.3513752571634776,0,3,28.5,1,0,0,0,1,0
288,0,22.0,0,0,1,1,1,7.8958,1,3.1354942159291497,2.1855792552411137,0,3,23.6874,1,0,0,0,1,0
289,1,42.0,0,0,1,1,1,13.0,1,3.7612001156935615,2.639057329615259,0,2,26.0,1,0,0,0,1,0
290,1,22.0,0,0,1,0,1,7.75,1,3.1354942159291497,2.169053700369523,0,3,23.25,0,0,0,1,0,0
291,1,26.0,0,0,1,1,1,78.85,1,3.295836866004329,4.380149874661021,0,1,78.85,0,0,0,1,0,0
292,1,0.0,0,0,0,0,2,45.5396,1,2.995732273553991,4.5226490762785785,0,1,91.0792,0,1,0,0,0,1
293,0,36.0,0,0,0,0,1,12.875,1,3.610917912644224,2.630088659632498,0,2,25.75,1,0,0,0,1,0
294,0,24.0,0,0,1,1,1,8.85,1,3.218875824868201,2.2874714551839976,0,3,26.55,0,0,0,1,0,0
295,0,24.0,0,0,1,1,1,7.8958,1,3.218875824868201,2.1855792552411137,0,3,23.6874,1,0,0,0,1,0
296,0,28.0,0,0,1,0,1,27.7208,0,3.367295829986474,3.357621598945279,0,1,27.7208,1,0,0,0,1,0
297,0,23.5,0,0,1,0,1,7.2292,1,3.198673117550681,2.1076888046179385,0,3,21.6876,1,0,0,0,1,0
298,0,0.0,1,0,0,1,4,25.0672,1,1.252762968495368,4.61777836776278,2,1,100.2688,0,1,0,1,0,0
299,1,28.0,1,0,0,1,1,30.5,0,3.367295829986474,3.449987545831587,0,1,30.5,1,0,0,0,1,0
300,1,0.0,0,0,0,0,2,50.1344,1,3.9318256327243257,4.61777836776278,1,1,100.2688,0,0,0,0,0,1
301,1,28.0,0,0,1,0,1,7.75,0,3.367295829986474,2.169053700369523,0,3,23.25,0,0,0,1,0,0
302,1,0.0,0,0,1,0,3,7.75,0,3.367295829986474,3.188416617383492,0,3,69.75,1,2,0,0,1,0
303,0,19.0,0,0,1,1,1,0.0,1,2.995732273553991,0.0,0,3,0.0,1,0,0,0,1,0
304,1,28.0,0,0,0,0,1,12.35,0,3.367295829986474,2.5915163848462583,0,2,24.7,0,0,0,1,0,0
305,0,28.0,0,0,1,1,1,8.05,0,3.367295829986474,2.2027647577118348,0,3,24.15,1,0,0,0,1,0
306,1,0.0,1,0,0,1,4,25.0672,1,1.252762968495368,4.61777836776278,2,1,100.2688,1,1,1,0,0,0
307,1,28.0,0,0,1,0,1,100.2688,0,3.367295829986474,4.61777836776278,0,1,100.2688,0,0,0,1,0,0
308,1,0.0,1,0,0,0,2,50.1344,1,2.8903717578961645,4.61777836776278,0,1,100.2688,0,1,0,0,0,1
309,0,0.0,0,0,1,0,2,12.0,1,3.4339872044851463,3.218875824868201,0,2,48.0,1,1,0,0,1,0
310,1,30.0,0,0,0,0,1,56.9292,1,3.4339872044851463,4.0592215752427645,0,1,56.9292,0,0,0,1,0,0
311,1,24.0,1,0,0,0,1,83.1583,1,3.218875824868201,4.432699549165613,0,1,83.1583,0,0,0,1,0,0
312,1,0.0,0,0,0,0,5,20.05376,1,2.9444389791664403,4.61777836776278,2,1,100.2688,0,2,0,1,0,0
313,0,0.0,0,0,1,1,3,8.666666666666666,1,3.295836866004329,3.295836866004329,1,2,52.0,0,1,0,0,0,1
314,0,28.0,0,0,1,1,1,7.8958,1,3.367295829986474,2.1855792552411137,0,3,23.6874,1,0,0,0,1,0
315,0,0.0,0,0,1,1,3,8.75,1,3.784189633918261,3.305053521109253,1,2,52.5,1,1,0,0,1,0
316,1,26.0,0,0,1,1,1,7.8542,1,3.295836866004329,2.180891922715322,0,3,23.5626,0,0,0,1,0,0
317,1,0.0,0,0,1,1,2,13.0,1,3.218875824868201,3.295836866004329,0,2,52.0,0,1,0,0,0,1
318,0,54.0,0,0,1,1,1,14.0,1,4.007333185232471,2.70805020110221,0,2,28.0,1,0,0,0,0,0
319,1,0.0,1,0,0,1,3,33.42293333333333,1,3.4657359027997265,4.61777836776278,2,1,100.2688,0,0,0,1,0,0
320,1,0.0,0,0,0,0,3,33.42293333333333,1,3.713572066704308,4.61777836776278,1,1,100.2688,0,1,0,0,0,1
321,0,22.0,0,0,1,1,1,7.25,1,3.1354942159291497,2.110213200346589,0,3,21.75,1,0,0,0,1,0
322,0,27.0,0,0,1,1,1,7.8958,1,3.332204510175204,2.1855792552411137,0,3,23.6874,1,0,0,0,1,0
323,1,30.0,0,0,1,0,1,12.35,1,3.4339872044851463,2.5915163848462583,0,2,24.7,0,0,0,1,0,0
324,1,0.0,0,0,1,1,3,9.666666666666666,1,3.1354942159291497,3.4011973816621555,1,2,58.0,0,1,0,0,0,1
325,0,0.0,0,0,1,1,11,6.322727272727272,0,3.367295829986474,4.256321678298823,2,3,208.65,1,8,0,0,1,0
326,1,36.0,1,0,0,0,1,100.2688,1,3.610917912644224,4.61777836776278,0,1,100.2688,0,0,0,1,0,0
327,0,54.5,0,0,1,1,1,6.2375,1,4.0163830207523885,1.9792758428991133,0,3,18.7125,1,0,0,0,1,0
328,1,36.0,0,0,0,1,1,13.0,1,3.610917912644224,2.639057329615259,0,2,26.0,0,0,0,0,0,1
329,1,0.0,0,0,1,1,3,6.841666666666666,1,3.4657359027997265,3.0692150503137943,1,3,61.575,0,1,0,0,0,1
330,1,0.0,0,0,0,0,2,28.9896,1,2.833213344056216,4.077184839375167,1,1,57.9792,0,0,0,1,0,0
331,1,0.0,0,0,1,0,3,7.75,0,3.367295829986474,3.188416617383492,0,3,69.75,0,2,0,1,0,0
332,0,45.5,1,0,0,1,1,28.5,1,3.839452312593311,3.3843902633457743,0,1,28.5,1,0,0,0,1,0
333,0,0.0,1,0,0,1,2,50.1344,1,3.6635616461296463,4.61777836776278,1,1,100.2688,1,0,0,0,1,0
334,0,0.0,0,0,1,1,3,6.0,1,2.833213344056216,2.9444389791664403,0,3,54.0,1,2,0,0,1,0
335,1,0.0,0,0,1,1,2,50.1344,0,3.367295829986474,4.61777836776278,0,1,100.2688,0,1,0,0,0,1
336,0,28.0,0,0,1,1,1,7.8958,0,3.367295829986474,2.1855792552411137,0,3,23.6874,1,0,0,0,1,0
337,0,0.0,1,0,0,1,2,33.3,1,3.4011973816621555,4.213607983048918,0,1,66.6,1,1,0,0,1,0
338,1,41.0,0,0,0,0,1,100.2688,1,3.737669618283368,4.61777836776278,0,1,100.2688,0,0,0,1,0,0
339,1,45.0,0,0,1,1,1,8.05,1,3.828641396489095,2.2027647577118348,0,3,24.15,1,0,0,0,1,0
340,0,45.0,0,1,0,1,1,35.5,1,3.828641396489095,3.597312260588446,0,1,35.5,1,0,0,0,1,0
341,1,0.0,0,0,0,1,3,8.666666666666666,1,1.252762968495368,3.295836866004329,1,2,52.0,1,1,1,0,0,0
342,1,0.0,1,0,0,1,6,16.711466666666666,1,3.218875824868201,4.61777836776278,2,1,100.2688,0,3,0,1,0,0
343,0,28.0,0,0,1,1,1,13.0,1,3.367295829986474,2.639057329615259,0,2,26.0,1,0,0,0,1,0
344,0,25.0,0,0,1,1,1,13.0,1,3.258096538021482,2.639057329615259,0,2,26.0,1,0,0,0,1,0
345,0,36.0,0,0,1,1,1,13.0,1,3.610917912644224,2.639057329615259,0,2,26.0,1,0,0,0,1,0
346,1,24.0,0,0,0,1,1,13.0,1,3.218875824868201,2.639057329615259,0,2,26.0,0,0,0,1,0,0
347,1,40.0,0,0,1,1,1,13.0,1,3.713572066704308,2.639057329615259,0,2,26.0,0,0,0,1,0,0
348,1,0.0,0,0,1,1,2,8.05,0,3.367295829986474,2.8390784635086144,0,3,48.3,0,1,0,0,0,1
349,1,0.0,0,0,1,1,3,5.3,1,1.3862943611198906,2.827313621929028,1,3,47.7,1,1,1,0,0,0
350,0,42.0,0,0,1,1,1,8.6625,1,3.7612001156935615,2.2682524139135403,0,3,25.9875,1,0,0,0,1,0
351,0,23.0,0,0,1,1,1,9.225,1,3.1780538303479458,2.324835701928865,0,3,27.675,1,0,0,0,1,0
352,0,28.0,1,0,0,1,1,35.0,0,3.367295829986474,3.58351893845611,0,1,35.0,1,0,0,0,1,0
353,0,0.0,0,0,1,0,3,2.409733333333333,1,2.772588722239781,2.1076888046179385,1,3,21.6876,1,1,0,0,1,0
354,0,0.0,0,0,1,1,2,8.9,1,3.258096538021482,2.9338568698359038,0,3,53.400000000000006,1,1,0,0,1,0
355,0,28.0,0,0,1,0,1,7.225,0,3.367295829986474,2.107178296651436,0,3,21.675,1,0,0,0,1,0
356,0,28.0,0,0,1,1,1,9.5,1,3.367295829986474,2.3513752571634776,0,3,28.5,1,0,0,0,1,0
357,1,0.0,0,0,0,1,2,27.5,1,3.1354942159291497,4.02535169073515,1,1,55.0,0,0,0,1,0,0
358,0,38.0,0,0,1,1,1,13.0,1,3.6635616461296463,2.639057329615259,0,2,26.0,0,0,0,1,0,0
359,1,28.0,0,0,1,0,1,7.8792,0,3.367295829986474,2.1837114628556327,0,3,23.6376,0,0,0,1,0,0
360,1,28.0,0,0,1,0,1,7.8792,0,3.367295829986474,2.1837114628556327,0,3,23.6376,0,0,0,1,0,0
361,0,0.0,0,0,1,1,6,4.65,1,3.713572066704308,3.3638415951183864,4,3,83.69999999999999,1,1,0,0,1,0
362,0,0.0,0,0,1,0,2,13.8604,1,3.4011973816621555,3.357621598945279,0,2,55.4416,1,1,0,0,1,0
363,0,0.0,0,0,1,0,2,7.2271,1,3.828641396489095,2.737880811060884,1,3,43.3626,0,0,0,0,0,1
364,0,35.0,0,0,1,1,1,7.05,1,3.58351893845611,2.085672091430472,0,3,21.15,1,0,0,0,1,0
365,0,0.0,0,0,1,0,2,7.75,0,3.367295829986474,2.803360380906535,0,3,46.5,1,1,0,0,1,0
366,0,30.0,0,0,1,1,1,7.25,1,3.4339872044851463,2.110213200346589,0,3,21.75,1,0,0,0,1,0
367,1,0.0,0,0,0,0,2,37.625,1,4.0163830207523885,4.334017415487521,0,1,75.25,0,1,0,0,0,1
368,1,28.0,0,0,1,0,1,7.2292,0,3.367295829986474,2.1076888046179385,0,3,21.6876,0,0,0,0,0,1
369,1,28.0,0,0,1,0,1,7.75,0,3.367295829986474,2.169053700369523,0,3,23.25,0,0,0,1,0,0
370,1,24.0,0,0,0,0,1,69.3,1,3.218875824868201,4.252771798816619,0,1,69.3,0,0,0,0,0,1
371,1,0.0,0,0,0,0,2,27.72085,1,3.258096538021482,4.0332082470129285,0,1,55.4417,1,1,0,0,1,0
372,0,0.0,0,0,1,1,2,3.2479,1,2.9444389791664403,2.014342863683701,0,3,19.4874,1,1,0,0,1,0
373,0,19.0,0,0,1,1,1,8.05,1,2.995732273553991,2.2027647577118348,0,3,24.15,1,0,0,0,1,0
374,0,22.0,0,0,1,0,1,100.2688,1,3.1354942159291497,4.61777836776278,0,1,100.2688,1,0,0,0,1,0
375,0,0.0,0,0,1,1,5,4.215,1,1.3862943611198906,3.094445746490024,1,3,63.225,0,3,0,1,0,0
376,1,0.0,0,0,1,0,2,41.0854,0,3.367295829986474,4.420896324687287,0,1,82.1708,0,1,0,0,0,1
377,1,22.0,0,0,1,1,1,7.25,1,3.1354942159291497,2.110213200346589,0,3,21.75,0,0,0,1,0,0
378,0,0.0,1,0,0,0,3,33.42293333333333,1,3.332204510175204,4.61777836776278,2,1,100.2688,1,0,0,0,1,0
379,0,20.0,0,0,1,0,1,4.0125,1,3.044522437723423,1.6119347926326877,0,3,12.0375,1,0,0,0,1,0
380,0,19.0,0,0,1,1,1,7.775,1,2.995732273553991,2.1719067693519296,0,3,23.325000000000003,1,0,0,0,1,0
381,1,42.0,0,0,1,0,1,100.2688,1,3.7612001156935615,4.61777836776278,0,1,100.2688,0,0,0,1,0,0
382,1,0.0,0,0,1,0,3,5.247233333333333,1,1.252762968495368,2.817902613071225,2,3,47.2251,0,0,0,1,0,0
383,0,32.0,0,0,1,1,1,7.925,1,3.49650756146648,2.188856327665703,0,3,23.775,1,0,0,0,1,0
384,1,0.0,0,0,1,1,2,26.0,1,3.58351893845611,3.970291913552122,0,1,52.0,0,1,0,0,0,1
385,0,28.0,0,0,1,1,1,7.8958,0,3.367295829986474,2.1855792552411137,0,3,23.6874,1,0,0,0,1,0
386,0,18.0,0,0,1,1,1,73.5,1,2.9444389791664403,4.310799125385514,0,2,147.0,1,0,0,0,1,0
387,0,0.0,0,0,1,1,8,5.8625,1,1.252762968495368,3.8691155044168695,2,3,140.7,1,5,1,0,0,0
388,1,36.0,0,0,1,1,1,13.0,1,3.610917912644224,2.639057329615259,0,2,26.0,0,0,0,1,0,0
389,0,28.0,0,0,1,0,1,7.7292,0,3.367295829986474,2.166673727622708,0,3,23.1876,1,0,0,0,1,0
390,1,17.0,0,0,1,0,1,12.0,1,2.8903717578961645,2.5649493574615367,0,2,24.0,0,0,0,1,0,0
391,1,0.0,0,0,0,1,4,25.0672,1,3.610917912644224,4.61777836776278,2,1,100.2688,1,1,0,0,1,0
392,1,21.0,0,0,1,1,1,7.7958,1,3.091042453358316,2.174274334826008,0,3,23.3874,1,0,0,0,1,0
393,0,0.0,0,0,1,1,3,2.6416666666666666,1,3.367295829986474,2.188856327665703,0,3,23.775,1,2,0,0,1,0
394,1,0.0,0,0,0,0,2,50.1344,1,3.1780538303479458,4.61777836776278,0,1,100.2688,0,1,0,1,0,0
395,1,0.0,0,0,0,1,3,5.566666666666666,1,3.218875824868201,2.873564639579784,2,3,50.1,0,0,0,0,0,1
396,0,22.0,0,0,1,1,1,7.7958,1,3.1354942159291497,2.174274334826008,0,3,23.3874,1,0,0,0,1,0
397,0,31.0,0,0,1,1,1,7.8542,1,3.4657359027997265,2.180891922715322,0,3,23.5626,0,0,0,1,0,0
398,0,46.0,0,0,1,1,1,26.0,1,3.8501476017100575,3.295836866004329,0,2,52.0,1,0,0,0,1,0
399,0,23.0,0,0,1,1,1,10.5,1,3.1780538303479458,2.4423470353692043,0,2,21.0,1,0,0,0,0,0
400,1,28.0,0,0,1,1,1,12.65,1,3.367295829986474,2.613739521630969,0,2,25.3,0,0,0,0,0,1
401,1,39.0,0,0,1,1,1,7.925,1,3.688879454113936,2.188856327665703,0,3,23.775,1,0,0,0,1,0
402,0,26.0,0,0,1,1,1,8.05,1,3.295836866004329,2.2027647577118348,0,3,24.15,1,0,0,0,1,0
403,0,0.0,0,0,1,1,2,4.9125,1,3.091042453358316,2.381858273888553,0,3,29.475,0,1,0,1,0,0
404,0,0.0,0,0,1,1,2,7.925,1,3.367295829986474,2.8243506567983707,0,3,47.55,1,1,0,0,1,0
405,0,20.0,0,0,1,1,1,8.6625,1,3.044522437723423,2.2682524139135403,0,3,25.9875,0,0,0,1,0,0
406,0,0.0,0,0,1,1,2,10.5,1,3.555348061489413,3.091042453358316,0,2,42.0,1,1,0,0,1,0
407,0,51.0,0,0,1,1,1,7.75,1,3.951243718581428,2.169053700369523,0,3,23.25,1,0,0,0,1,0
408,1,0.0,0,0,1,1,3,6.25,1,1.3862943611198906,2.9831534913471307,1,2,37.5,1,1,1,0,0,0
409,0,21.0,0,0,1,1,1,7.775,1,3.091042453358316,2.1719067693519296,0,3,23.325000000000003,1,0,0,0,1,0
410,0,0.0,0,0,1,1,5,5.09334,0,3.367295829986474,3.275887339030031,1,3,76.4001,0,3,0,1,0,0
411,0,28.0,0,0,1,1,1,7.8958,0,3.367295829986474,2.1855792552411137,0,3,23.6874,1,0,0,0,1,0
412,0,28.0,0,0,1,0,1,6.8583,0,3.367295829986474,2.061570298060867,0,3,20.5749,1,0,0,0,1,0
413,1,0.0,1,0,0,0,2,45.0,1,3.5263605246161616,4.51085950651685,0,1,90.0,0,1,0,1,0,0
414,0,28.0,0,0,1,1,1,0.0,0,3.367295829986474,0.0,0,2,0.0,1,0,0,0,1,0
415,1,44.0,0,0,1,1,1,7.925,1,3.80666248977032,2.188856327665703,0,3,23.775,1,0,0,0,1,0
416,0,28.0,0,0,1,1,1,8.05,0,3.367295829986474,2.2027647577118348,0,3,24.15,0,0,0,0,0,1
417,1,0.0,0,0,1,1,3,10.833333333333334,1,3.555348061489413,3.5115454388310208,1,2,65.0,0,1,0,0,0,1
418,1,0.0,0,0,1,1,3,4.333333333333333,1,2.9444389791664403,2.639057329615259,2,2,26.0,0,0,0,1,0,0
419,0,30.0,0,0,1,1,1,13.0,1,3.4339872044851463,2.639057329615259,0,2,26.0,1,0,0,0,1,0
420,0,0.0,0,0,1,1,3,8.049999999999999,1,2.3978952727983707,3.224857896545748,2,3,72.44999999999999,0,0,0,1,0,0
421,0,28.0,0,0,1,0,1,7.8958,0,3.367295829986474,2.1855792552411137,0,3,23.6874,1,0,0,0,1,0
422,0,21.0,0,0,1,0,1,7.7333,1,3.091042453358316,2.167143305297764,0,3,23.1999,1,0,0,0,1,0
423,0,29.0,0,0,1,1,1,7.875,1,3.4011973816621555,2.1832383353614797,0,3,23.625,1,0,0,0,1,0
424,0,0.0,0,0,1,1,3,4.8,1,3.367295829986474,2.734367509419584,1,3,43.2,0,1,0,0,0,1
425,0,0.0,0,0,1,1,3,6.7375,1,2.9444389791664403,3.0545906305603445,1,3,60.6375,1,1,0,0,1,0
426,0,28.0,0,0,1,1,1,7.25,0,3.367295829986474,2.110213200346589,0,3,21.75,1,0,0,0,1,0
427,1,0.0,0,0,1,1,2,13.0,1,3.367295829986474,3.295836866004329,0,2,52.0,0,1,0,0,0,1
428,1,19.0,0,0,1,1,1,26.0,1,2.995732273553991,3.295836866004329,0,2,52.0,0,0,0,1,0,0
429,0,28.0,0,0,1,0,1,7.75,0,3.367295829986474,2.169053700369523,0,3,23.25,1,0,0,0,1,0
430,1,32.0,0,0,0,1,1,8.05,1,3.49650756146648,2.2027647577118348,0,3,24.15,1,0,0,0,1,0
431,1,28.0,1,0,0,1,1,26.55,1,3.367295829986474,3.316002535598924,0,1,26.55,1,0,0,0,1,0
432,1,0.0,0,0,1,1,2,8.05,0,3.367295829986474,2.8390784635086144,0,3,48.3,0,1,0,0,0,1
433,1,0.0,0,0,1,1,2,13.0,1,3.7612001156935615,3.295836866004329,0,2,52.0,0,1,0,0,0,1
434,0,17.0,0,0,1,1,1,7.125,1,2.8903717578961645,2.094945728215801,0,3,21.375,1,0,0,0,1,0
435,0,0.0,0,0,0,1,2,27.95,1,3.9318256327243257,4.041295341132285,0,1,55.9,1,1,0,0,1,0
436,1,0.0,0,0,0,1,4,25.0672,1,2.70805020110221,4.61777836776278,2,1,100.2688,0,1,0,1,0,0
437,0,0.0,0,0,1,1,5,6.875,1,3.091042453358316,3.566005355963401,2,3,103.125,0,2,0,1,0,0
438,1,0.0,0,0,1,1,6,3.125,1,3.218875824868201,2.9831534913471307,3,2,37.5,0,2,0,0,0,1
439,0,0.0,1,0,0,1,6,16.711466666666666,1,4.0163830207523885,4.61777836776278,4,1,100.2688,1,1,0,0,1,0
440,0,31.0,0,0,1,1,1,10.5,1,3.4657359027997265,2.4423470353692043,0,2,21.0,1,0,0,0,1,0
441,1,0.0,0,0,1,1,3,8.75,1,3.828641396489095,3.305053521109253,1,2,52.5,0,1,0,0,0,1
442,0,20.0,0,0,1,1,1,9.5,1,3.044522437723423,2.3513752571634776,0,3,28.5,1,0,0,0,1,0
443,0,0.0,0,0,1,1,2,3.8875,1,3.258096538021482,2.1719067693519296,0,3,23.325000000000003,1,1,0,0,1,0
444,1,28.0,0,0,1,1,1,13.0,1,3.367295829986474,2.639057329615259,0,2,26.0,0,0,0,1,0,0
445,1,28.0,0,0,1,1,1,8.1125,0,3.367295829986474,2.2096470973347766,0,3,24.3375,1,0,0,0,1,0
446,1,0.0,0,0,0,1,3,27.2861,1,1.6094379124341005,4.417131919904876,2,1,81.8583,1,0,1,0,0,0
447,1,0.0,0,0,1,1,2,9.75,1,2.639057329615259,3.0204248861443626,1,2,39.0,0,0,0,1,0,0
448,1,34.0,0,0,1,1,1,26.55,1,3.555348061489413,3.316002535598924,0,1,26.55,1,0,0,0,1,0
449,1,0.0,0,0,1,0,4,4.814575,1,1.791759469228055,3.0085645861193133,1,3,57.7749,0,2,0,1,0,0
450,1,52.0,1,0,0,1,1,30.5,1,3.970291913552122,3.449987545831587,0,1,30.5,1,0,0,0,0,0
451,0,0.0,0,0,1,1,4,6.9375,1,3.610917912644224,3.3586377672433594,2,2,55.5,1,1,0,0,1,0
452,0,0.0,0,0,1,1,2,9.98335,0,3.367295829986474,3.0429354648621407,0,3,59.9001,1,1,0,0,1,0
453,0,30.0,1,0,0,0,1,27.75,1,3.4339872044851463,3.3586377672433594,0,1,27.75,1,0,0,0,1,0
454,1,0.0,1,0,0,0,2,44.5521,1,3.912023005428146,4.500966778400217,0,1,89.1042,1,1,0,0,1,0
455,0,28.0,0,0,1,1,1,8.05,0,3.367295829986474,2.2027647577118348,0,3,24.15,1,0,0,0,1,0
456,1,29.0,0,0,1,0,1,7.8958,1,3.4011973816621555,2.1855792552411137,0,3,23.6874,1,0,0,0,1,0
457,0,54.5,0,0,0,1,1,26.55,1,4.0163830207523885,3.316002535598924,0,1,26.55,1,0,0,0,1,0
458,1,0.0,0,0,0,1,2,25.93125,0,3.367295829986474,3.967694202798607,0,1,51.8625,0,1,0,0,0,1
459,1,50.0,0,0,1,1,1,10.5,1,3.9318256327243257,2.4423470353692043,0,2,21.0,0,0,0,1,0,0
460,0,28.0,0,0,1,0,1,7.75,0,3.367295829986474,2.169053700369523,0,3,23.25,1,0,0,0,1,0
461,1,48.0,0,0,0,1,1,26.55,1,3.8918202981106265,3.316002535598924,0,1,26.55,1,0,0,0,1,0
462,0,34.0,0,0,1,1,1,8.05,1,3.555348061489413,2.2027647577118348,0,3,24.15,1,0,0,0,1,0
463,0,47.0,0,0,0,1,1,38.5,1,3.8712010109078903,3.676300671907076,0,1,38.5,1,0,0,0,1,0
464,0,48.0,0,0,1,1,1,13.0,1,3.8918202981106265,2.639057329615259,0,2,26.0,1,0,0,0,1,0
465,0,28.0,0,0,1,1,1,8.05,0,3.367295829986474,2.2027647577118348,0,3,24.15,1,0,0,0,1,0
466,0,38.0,0,0,1,1,1,7.05,1,3.6635616461296463,2.085672091430472,0,3,21.15,1,0,0,0,1,0
467,0,28.0,0,0,1,1,1,0.0,0,3.367295829986474,0.0,0,2,0.0,1,0,0,0,1,0
468,0,54.5,0,0,1,1,1,26.55,1,4.0163830207523885,3.316002535598924,0,1,26.55,1,0,0,0,1,0
469,0,28.0,0,0,1,0,1,7.725,0,3.367295829986474,2.1661924680884908,0,3,23.175,1,0,0,0,1,0
470,1,0.0,0,0,1,0,4,4.814575,1,1.252762968495368,3.0085645861193133,1,3,57.7749,0,2,0,1,0,0
471,0,28.0,0,0,1,1,1,7.25,0,3.367295829986474,2.110213200346589,0,3,21.75,1,0,0,0,1,0
472,0,38.0,0,0,1,1,1,8.6625,1,3.6635616461296463,2.2682524139135403,0,3,25.9875,1,0,0,0,1,0
473,1,0.0,0,0,1,1,4,6.9375,1,3.5263605246161616,3.3586377672433594,2,2,55.5,0,1,0,0,0,1
474,1,23.0,0,0,0,0,1,13.7917,1,3.1780538303479458,2.694066212646058,0,2,27.5834,0,0,0,0,0,1
475,0,22.0,0,0,1,1,1,9.8375,1,3.1354942159291497,2.38301234210666,0,3,29.512500000000003,0,0,0,1,0,0
476,0,28.0,0,0,0,1,1,52.0,0,3.367295829986474,3.970291913552122,0,1,52.0,1,0,0,0,1,0
477,0,0.0,0,0,1,1,2,10.5,1,3.555348061489413,3.091042453358316,0,2,42.0,1,1,0,0,1,0
478,0,0.0,0,0,1,1,2,3.5229,1,3.4011973816621555,2.0851502161468174,0,3,21.1374,1,1,0,0,1,0
479,0,22.0,0,0,1,1,1,7.5208,1,3.1354942159291497,2.142510233146819,0,3,22.5624,1,0,0,0,1,0
480,1,0.0,0,0,1,1,2,6.14375,1,1.252762968495368,2.586823743668066,1,3,36.8625,0,0,0,1,0,0
481,0,0.0,0,0,1,1,8,5.8625,1,2.302585092994046,3.8691155044168695,2,3,140.7,1,5,1,0,0,0
482,0,28.0,0,0,1,1,1,0.0,0,3.367295829986474,0.0,0,2,0.0,1,0,0,0,1,0
483,0,50.0,0,0,1,1,1,8.05,1,3.9318256327243257,2.2027647577118348,0,3,24.15,1,0,0,0,1,0
484,1,54.5,0,0,1,1,1,9.5875,1,4.0163830207523885,2.3596740599781727,0,3,28.762500000000003,0,0,0,0,0,1
485,1,0.0,0,0,0,0,2,45.5396,1,3.258096538021482,4.5226490762785785,0,1,91.0792,1,1,0,0,1,0
486,0,0.0,0,0,1,1,5,5.09334,0,3.367295829986474,3.275887339030031,1,3,76.4001,0,3,0,1,0,0
487,1,0.0,1,0,0,1,2,45.0,1,3.58351893845611,4.51085950651685,0,1,90.0,0,1,0,0,0,1
488,0,54.5,0,0,0,0,1,29.7,1,4.0163830207523885,3.4242626545931514,0,1,29.7,1,0,0,0,1,0
489,0,30.0,0,0,1,1,1,8.05,1,3.4339872044851463,2.2027647577118348,0,3,24.15,1,0,0,0,1,0
490,1,0.0,0,0,1,1,3,5.3,1,2.302585092994046,2.827313621929028,1,3,47.7,1,1,1,0,0,0
491,0,0.0,0,0,1,1,2,9.98335,0,3.367295829986474,3.0429354648621407,0,3,59.9001,1,1,0,0,1,0
492,0,21.0,0,0,1,1,1,7.25,1,3.091042453358316,2.110213200346589,0,3,21.75,1,0,0,0,1,0
493,0,54.5,1,0,0,1,1,30.5,1,4.0163830207523885,3.449987545831587,0,1,30.5,1,0,0,0,1,0
494,0,54.5,0,0,1,0,1,49.5042,1,4.0163830207523885,3.922056501139853,0,1,49.5042,1,0,0,0,1,0
495,0,21.0,0,0,1,1,1,8.05,1,3.091042453358316,2.2027647577118348,0,3,24.15,1,0,0,0,1,0
496,0,28.0,0,0,1,0,1,14.4583,0,3.367295829986474,2.738146075922933,0,3,43.3749,1,0,0,0,1,0
497,1,0.0,0,0,0,0,2,39.13335,1,4.007333185232471,4.37281811610993,0,1,78.2667,0,1,0,1,0,0
498,0,28.0,0,0,1,1,1,15.1,0,3.367295829986474,2.778819271990417,0,3,45.3,1,0,0,0,1,0
499,0,0.0,1,0,0,1,4,25.0672,1,3.258096538021482,4.61777836776278,2,1,100.2688,0,1,0,0,0,1
500,0,24.0,0,0,1,1,1,7.7958,1,3.218875824868201,2.174274334826008,0,3,23.3874,1,0,0,0,1,0
501,0,17.0,0,0,1,1,1,8.6625,1,2.8903717578961645,2.2682524139135403,0,3,25.9875,1,0,0,0,1,0
502,0,21.0,0,0,1,0,1,7.75,1,3.091042453358316,2.169053700369523,0,3,23.25,0,0,0,1,0,0
503,0,28.0,0,0,1,0,1,7.6292,0,3.367295829986474,2.155151800914312,0,3,22.8876,0,0,0,1,0,0
504,0,37.0,0,0,1,1,1,9.5875,1,3.6375861597263857,2.3596740599781727,0,3,28.762500000000003,0,0,0,1,0,0
505,1,16.0,0,0,0,1,1,86.5,1,2.833213344056216,4.471638793363569,0,1,86.5,0,0,0,1,0,0
506,0,0.0,1,0,0,0,2,50.1344,1,2.9444389791664403,4.61777836776278,0,1,100.2688,1,1,0,0,1,0
507,1,0.0,0,0,1,1,3,8.666666666666666,1,3.5263605246161616,3.295836866004329,2,2,52.0,0,0,0,0,0,1
508,1,28.0,0,0,1,1,1,26.55,0,3.367295829986474,3.316002535598924,0,1,26.55,1,0,0,0,1,0
509,0,28.0,0,0,1,1,1,22.525,1,3.367295829986474,3.1580636854714434,0,3,67.57499999999999,1,0,0,0,1,0
510,1,26.0,0,0,1,1,1,56.4958,1,3.295836866004329,4.051711901657239,0,3,169.4874,1,0,0,0,1,0
511,1,29.0,0,0,1,0,1,7.75,1,3.4011973816621555,2.169053700369523,0,3,23.25,1,0,0,0,1,0
512,0,28.0,0,0,1,1,1,8.05,0,3.367295829986474,2.2027647577118348,0,3,24.15,1,0,0,0,1,0
513,1,36.0,0,0,0,1,1,26.2875,1,3.610917912644224,3.3064287218760624,0,1,26.2875,1,0,0,0,1,0
514,1,0.0,0,0,1,0,2,29.7,1,4.007333185232471,4.100989104940769,0,1,59.4,0,1,0,0,0,1
515,0,24.0,0,0,1,1,1,7.4958,1,3.218875824868201,2.139571923732859,0,3,22.4874,1,0,0,0,1,0
516,0,47.0,0,0,0,1,1,34.0208,1,3.8712010109078903,3.555942170685876,0,1,34.0208,1,0,0,0,1,0
517,1,34.0,0,0,0,1,1,10.5,1,3.555348061489413,2.4423470353692043,0,2,21.0,0,0,0,0,0,1
518,0,28.0,0,0,1,0,1,24.15,0,3.367295829986474,3.224857896545748,0,3,72.44999999999999,1,0,0,0,1,0
519,1,0.0,0,0,1,1,2,13.0,1,3.610917912644224,3.295836866004329,0,2,52.0,0,1,0,0,0,1
520,0,32.0,0,0,1,1,1,7.8958,1,3.49650756146648,2.1855792552411137,0,3,23.6874,1,0,0,0,1,0
521,1,30.0,0,0,0,1,1,93.5,1,3.4339872044851463,4.548599834499697,0,1,93.5,0,0,0,1,0,0
522,0,22.0,0,0,1,1,1,7.8958,1,3.1354942159291497,2.1855792552411137,0,3,23.6874,1,0,0,0,1,0
523,0,28.0,0,0,1,0,1,7.225,0,3.367295829986474,2.107178296651436,0,3,21.675,1,0,0,0,1,0
524,1,0.0,0,0,0,0,2,28.9896,1,3.80666248977032,4.077184839375167,1,1,57.9792,0,0,0,0,0,1
525,0,28.0,0,0,1,0,1,7.2292,0,3.367295829986474,2.1076888046179385,0,3,21.6876,1,0,0,0,1,0
526,0,40.5,0,0,1,0,1,7.75,1,3.725693427236653,2.169053700369523,0,3,23.25,1,0,0,0,1,0
527,1,50.0,0,0,1,1,1,10.5,1,3.9318256327243257,2.4423470353692043,0,2,21.0,0,0,0,1,0,0
528,0,28.0,1,0,0,1,1,100.2688,0,3.367295829986474,4.61777836776278,0,1,100.2688,1,0,0,0,1,0
529,0,39.0,0,0,1,1,1,7.925,1,3.688879454113936,2.188856327665703,0,3,23.775,1,0,0,0,1,0
530,0,0.0,0,0,1,1,4,2.875,1,3.1780538303479458,2.525728644308256,1,2,23.0,1,2,0,0,1,0
531,1,0.0,0,0,1,1,3,8.666666666666666,1,1.252762968495368,3.295836866004329,1,2,52.0,0,1,0,1,0,0
532,0,28.0,0,0,1,0,1,7.2292,0,3.367295829986474,2.1076888046179385,0,3,21.6876,1,0,0,0,1,0
533,0,0.0,0,0,1,0,3,2.409733333333333,1,2.8903717578961645,2.1076888046179385,1,3,21.6876,1,1,0,0,1,0
534,1,0.0,0,0,1,0,3,7.452766666666666,0,3.367295829986474,3.1509523813392697,2,3,67.0749,0,0,0,0,0,1
535,0,30.0,0,0,1,1,1,8.6625,1,3.4339872044851463,2.2682524139135403,0,3,25.9875,0,0,0,1,0,0
536,1,0.0,0,0,1,1,3,8.75,1,2.079441541679836,3.305053521109253,2,2,52.5,0,0,0,1,0,0
537,0,45.0,0,0,0,1,1,26.55,1,3.828641396489095,3.316002535598924,0,1,26.55,1,0,0,0,0,0
538,1,30.0,0,0,1,0,1,100.2688,1,3.4339872044851463,4.61777836776278,0,1,100.2688,0,0,0,1,0,0
539,0,28.0,0,0,1,1,1,14.5,0,3.367295829986474,2.740840023925201,0,3,43.5,1,0,0,0,1,0
540,1,0.0,0,0,0,0,3,16.5,1,3.1354942159291497,3.9219733362813134,2,1,49.5,0,0,0,1,0,0
541,1,0.0,0,0,0,1,3,23.666666666666668,1,3.610917912644224,4.276666119016055,2,1,71.0,0,0,0,1,0,0
542,0,0.0,0,0,1,1,7,4.467857142857143,1,2.302585092994046,3.4742929367327062,2,3,93.825,0,4,0,1,0,0
543,0,0.0,0,0,1,1,7,4.467857142857143,1,2.4849066497880004,3.4742929367327062,2,3,93.825,0,4,0,1,0,0
544,1,0.0,0,0,1,1,2,13.0,1,3.49650756146648,3.295836866004329,0,2,52.0,1,1,0,0,1,0
545,0,0.0,1,0,0,0,2,50.1344,1,3.9318256327243257,4.61777836776278,0,1,100.2688,1,1,0,0,1,0
546,0,54.5,0,0,1,1,1,26.0,1,4.0163830207523885,3.295836866004329,0,1,26.0,1,0,0,0,1,0
547,1,0.0,0,0,1,1,2,13.0,1,2.995732273553991,3.295836866004329,0,2,52.0,0,1,0,0,0,1
548,1,28.0,0,0,1,0,1,13.8625,0,3.367295829986474,2.6988412620169004,0,2,27.725,1,0,0,0,1,0
549,0,0.0,0,0,1,1,3,6.841666666666666,1,3.5263605246161616,3.0692150503137943,1,3,61.575,1,1,0,0,1,0
550,1,0.0,0,0,1,1,3,12.25,1,2.19722457733622,3.6309854756950335,1,2,73.5,1,1,1,0,0,0
551,1,0.0,1,0,0,0,3,33.42293333333333,1,2.8903717578961645,4.61777836776278,2,1,100.2688,1,0,0,0,1,0
552,0,27.0,0,0,1,1,1,26.0,1,3.332204510175204,3.295836866004329,0,2,52.0,1,0,0,0,1,0
553,0,28.0,0,0,1,0,1,7.8292,0,3.367295829986474,2.17806441028492,0,3,23.4876,1,0,0,0,1,0
554,1,22.0,0,0,1,0,1,7.225,1,3.1354942159291497,2.107178296651436,0,3,21.675,1,0,0,0,1,0
555,1,22.0,0,0,1,1,1,7.775,1,3.1354942159291497,2.1719067693519296,0,3,23.325000000000003,0,0,0,1,0,0
556,0,54.5,0,0,1,1,1,26.55,1,4.0163830207523885,3.316002535598924,0,1,26.55,1,0,0,0,1,0
557,1,0.0,0,0,0,0,2,19.8,1,3.8918202981106265,3.703768066607687,0,1,39.6,0,1,0,0,0,0
558,0,28.0,0,0,1,0,1,100.2688,0,3.367295829986474,4.61777836776278,0,1,100.2688,1,0,0,0,1,0
559,1,0.0,0,0,0,1,3,26.55,1,3.688879454113936,4.390118804571218,1,1,79.65,0,1,0,0,0,1
560,1,0.0,0,0,1,1,2,8.7,1,3.610917912644224,2.91235066461494,0,3,52.2,0,1,0,0,0,1
561,0,28.0,0,0,1,0,1,7.75,0,3.367295829986474,2.169053700369523,0,3,23.25,1,0,0,0,1,0
562,0,40.0,0,0,1,1,1,7.8958,1,3.713572066704308,2.1855792552411137,0,3,23.6874,1,0,0,0,1,0
563,0,28.0,0,0,1,1,1,13.5,1,3.367295829986474,2.6741486494265287,0,2,27.0,1,0,0,0,1,0
564,0,28.0,0,0,1,1,1,8.05,0,3.367295829986474,2.2027647577118348,0,3,24.15,1,0,0,0,1,0
565,0,28.0,0,0,1,1,1,8.05,0,3.367295829986474,2.2027647577118348,0,3,24.15,0,0,0,1,0,0
566,0,0.0,0,0,1,1,3,8.049999999999999,1,3.218875824868201,3.224857896545748,0,3,72.44999999999999,1,2,0,0,1,0
567,0,19.0,0,0,1,1,1,7.8958,1,2.995732273553991,2.1855792552411137,0,3,23.6874,1,0,0,0,1,0
568,0,0.0,0,0,1,1,5,4.215,1,3.4011973816621555,3.094445746490024,4,3,63.225,0,0,0,0,0,1
569,0,28.0,0,0,1,0,1,7.2292,0,3.367295829986474,2.1076888046179385,0,3,21.6876,1,0,0,0,1,0
570,1,32.0,0,0,1,1,1,7.8542,1,3.49650756146648,2.180891922715322,0,3,23.5626,1,0,0,0,1,0
571,1,54.5,0,0,1,1,1,10.5,1,4.0163830207523885,2.4423470353692043,0,2,21.0,1,0,0,0,1,0
572,1,0.0,1,0,0,1,3,17.15973333333333,1,3.9889840465642745,3.960416900617205,0,1,51.4792,0,2,0,0,0,1
573,1,36.0,0,0,0,1,1,26.3875,1,3.610917912644224,3.3100867049215847,0,1,26.3875,1,0,0,0,1,0
574,1,28.0,0,0,1,0,1,7.75,0,3.367295829986474,2.169053700369523,0,3,23.25,0,0,0,1,0,0
575,0,16.0,0,0,1,1,1,8.05,1,2.833213344056216,2.2027647577118348,0,3,24.15,1,0,0,0,1,0
576,0,19.0,0,0,1,1,1,14.5,1,2.995732273553991,2.740840023925201,0,3,43.5,1,0,0,0,1,0
577,1,34.0,0,0,1,1,1,13.0,1,3.555348061489413,2.639057329615259,0,2,26.0,0,0,0,1,0,0
578,1,0.0,0,0,0,1,2,27.95,1,3.688879454113936,4.041295341132285,0,1,55.9,0,1,0,0,0,1
579,0,0.0,0,0,1,0,2,7.22915,0,3.367295829986474,2.738146075922933,0,3,43.3749,0,1,0,0,0,1
580,1,32.0,0,0,1,1,1,7.925,1,3.49650756146648,2.188856327665703,0,3,23.775,1,0,0,0,1,0
581,1,0.0,0,0,1,1,3,10.0,1,3.258096538021482,3.4339872044851463,1,2,60.0,0,1,0,1,0,0
582,1,0.0,1,0,0,0,3,33.42293333333333,1,3.688879454113936,4.61777836776278,1,1,100.2688,0,1,0,0,0,1
583,0,54.0,0,0,1,1,1,26.0,1,4.007333185232471,3.295836866004329,0,2,52.0,1,0,0,0,1,0
584,0,36.0,0,0,0,0,1,40.125,1,3.610917912644224,3.716616209085536,0,1,40.125,1,0,0,0,1,0
585,0,28.0,0,0,1,0,1,8.7125,0,3.367295829986474,2.2734137156937657,0,3,26.137500000000003,1,0,0,0,1,0
586,1,0.0,0,0,0,1,3,26.55,1,2.9444389791664403,4.390118804571218,2,1,79.65,0,0,0,1,0,0
587,0,47.0,0,0,1,1,1,15.0,1,3.8712010109078903,2.772588722239781,0,2,30.0,1,0,0,0,1,0
588,1,0.0,0,0,0,0,3,26.4,1,4.0163830207523885,4.384523514872469,1,1,79.2,1,1,0,0,1,0
589,0,22.0,0,0,1,1,1,8.05,1,3.1354942159291497,2.2027647577118348,0,3,24.15,1,0,0,0,1,0
590,0,28.0,0,0,1,1,1,8.05,0,3.367295829986474,2.2027647577118348,0,3,24.15,1,0,0,0,1,0
591,0,35.0,0,0,1,1,1,7.125,1,3.58351893845611,2.094945728215801,0,3,21.375,1,0,0,0,1,0
592,1,0.0,0,0,0,0,2,39.13335,1,3.970291913552122,4.37281811610993,0,1,78.2667,0,1,0,0,0,1
593,0,47.0,0,0,1,1,1,7.25,1,3.8712010109078903,2.110213200346589,0,3,21.75,1,0,0,0,1,0
594,0,0.0,0,0,1,0,3,2.583333333333333,0,3.367295829986474,2.169053700369523,2,3,23.25,0,0,0,1,0,0
595,0,0.0,0,0,1,1,2,13.0,1,3.6375861597263857,3.295836866004329,0,2,52.0,1,1,0,0,1,0
596,0,0.0,0,0,1,1,3,8.049999999999999,1,3.610917912644224,3.224857896545748,1,3,72.44999999999999,1,1,0,0,1,0
597,1,28.0,0,0,1,1,1,33.0,0,3.367295829986474,3.5263605246161616,0,2,66.0,0,0,0,1,0,0
598,0,49.0,0,0,1,1,1,0.0,1,3.912023005428146,0.0,0,3,0.0,1,0,0,0,1,0
599,0,28.0,0,0,1,0,1,7.225,0,3.367295829986474,2.107178296651436,0,3,21.675,1,0,0,0,1,0
600,1,0.0,0,0,0,0,2,28.4646,1,3.912023005428146,4.0592215752427645,0,1,56.9292,1,1,0,0,0,0
601,1,0.0,0,0,1,1,4,6.75,1,3.218875824868201,3.332204510175204,1,2,54.0,0,2,0,0,0,1
602,0,28.0,0,0,1,1,1,7.8958,0,3.367295829986474,2.1855792552411137,0,3,23.6874,1,0,0,0,1,0
603,0,28.0,0,0,1,1,1,42.4,0,3.367295829986474,3.770459441106359,0,1,42.4,1,0,0,0,1,0
604,0,44.0,0,0,1,1,1,8.05,1,3.80666248977032,2.2027647577118348,0,3,24.15,1,0,0,0,1,0
605,1,35.0,0,0,1,0,1,26.55,1,3.58351893845611,3.316002535598924,0,1,26.55,1,0,0,0,1,0
606,0,0.0,0,0,1,1,2,7.775,1,3.610917912644224,2.806386101823072,0,3,46.650000000000006,1,1,0,0,1,0
607,0,30.0,0,0,1,1,1,7.8958,1,3.4339872044851463,2.1855792552411137,0,3,23.6874,1,0,0,0,1,0
608,1,27.0,0,0,1,1,1,30.5,1,3.332204510175204,3.449987545831587,0,1,30.5,1,0,0,0,1,0
609,1,0.0,0,0,1,0,4,10.3948,1,3.1354942159291497,3.751365871125377,2,2,83.1584,0,1,0,0,0,1
610,1,40.0,1,0,0,1,1,100.2688,1,3.713572066704308,4.61777836776278,0,1,100.2688,0,0,0,1,0,0
611,0,0.0,0,0,1,1,7,4.467857142857143,1,3.688879454113936,3.4742929367327062,5,3,93.825,0,1,0,0,0,1
612,0,28.0,0,0,1,1,1,7.05,0,3.367295829986474,2.085672091430472,0,3,21.15,1,0,0,0,1,0
613,1,0.0,0,0,1,0,2,7.75,0,3.367295829986474,2.803360380906535,0,3,46.5,0,1,0,1,0,0
614,0,28.0,0,0,1,0,1,7.75,0,3.367295829986474,2.169053700369523,0,3,23.25,1,0,0,0,1,0
615,0,35.0,0,0,1,1,1,8.05,1,3.58351893845611,2.2027647577118348,0,3,24.15,1,0,0,0,1,0
616,1,0.0,0,0,1,1,4,16.25,1,3.218875824868201,4.189654742026425,2,2,130.0,0,1,0,1,0,0
617,0,0.0,0,0,1,1,3,4.8,1,3.555348061489413,2.734367509419584,1,3,43.2,1,1,0,0,1,0
618,0,0.0,0,0,1,1,2,8.05,1,3.295836866004329,2.8390784635086144,0,3,48.3,0,1,0,0,0,1
619,1,0.0,0,0,0,1,4,9.75,1,1.6094379124341005,3.688879454113936,1,2,78.0,0,2,0,1,0,0
620,0,26.0,0,0,1,1,1,10.5,1,3.295836866004329,2.4423470353692043,0,2,21.0,1,0,0,0,1,0
621,0,0.0,0,0,1,0,2,7.2271,1,3.332204510175204,2.737880811060884,0,3,43.3626,1,1,0,0,1,0
622,1,0.0,0,0,0,1,2,26.2771,1,3.7612001156935615,3.980694225190728,0,1,52.5542,1,1,0,0,1,0
623,1,0.0,0,0,1,0,3,5.247233333333333,1,3.044522437723423,2.817902613071225,1,3,47.2251,1,1,0,0,1,0
624,0,21.0,0,0,1,1,1,7.8542,1,3.091042453358316,2.180891922715322,0,3,23.5626,1,0,0,0,1,0
625,0,21.0,0,0,1,1,1,16.1,1,3.091042453358316,2.8390784635086144,0,3,48.3,1,0,0,0,1,0
626,0,54.5,0,0,0,1,1,32.3208,1,4.0163830207523885,3.5061818266142577,0,1,32.3208,1,0,0,0,1,0
627,0,54.5,0,0,1,0,1,12.35,1,4.0163830207523885,2.5915163848462583,0,2,24.7,1,0,0,0,0,0
628,1,21.0,0,0,0,1,1,77.9583,1,3.091042453358316,4.368919865004903,0,1,77.9583,0,0,0,1,0,0
629,0,26.0,0,0,1,1,1,7.8958,1,3.295836866004329,2.1855792552411137,0,3,23.6874,1,0,0,0,1,0
630,0,28.0,0,0,1,0,1,7.7333,0,3.367295829986474,2.167143305297764,0,3,23.1999,1,0,0,0,1,0
631,1,54.5,0,0,0,1,1,30.0,1,4.0163830207523885,3.4339872044851463,0,1,30.0,1,0,0,0,1,0
632,0,51.0,0,0,1,1,1,7.0542,1,3.951243718581428,2.086193694502369,0,3,21.1626,1,0,0,0,1,0
633,1,32.0,0,0,0,0,1,30.5,1,3.49650756146648,3.449987545831587,0,1,30.5,1,0,0,0,0,0
634,0,28.0,0,0,1,1,1,0.0,0,3.367295829986474,0.0,0,1,0.0,1,0,0,0,1,0
635,0,0.0,0,0,1,1,6,4.65,1,2.302585092994046,3.3638415951183864,2,3,83.69999999999999,0,3,0,1,0,0
636,1,28.0,0,0,1,1,1,13.0,1,3.367295829986474,2.639057329615259,0,2,26.0,0,0,0,1,0,0
637,0,32.0,0,0,1,1,1,7.925,1,3.49650756146648,2.188856327665703,0,3,23.775,1,0,0,0,1,0
638,0,0.0,0,0,1,1,3,8.75,1,3.4657359027997265,3.305053521109253,1,2,52.5,1,1,0,0,1,0
639,0,0.0,0,0,1,1,6,6.614583333333333,1,3.737669618283368,3.705920919968788,5,3,119.0625,0,0,0,0,0,1
640,0,0.0,0,0,1,1,2,8.05,0,3.367295829986474,2.8390784635086144,0,3,48.3,1,1,0,0,1,0
641,0,20.0,0,0,1,1,1,7.8542,1,3.044522437723423,2.180891922715322,0,3,23.5626,1,0,0,0,1,0
642,1,24.0,0,0,0,0,1,69.3,1,3.218875824868201,4.252771798816619,0,1,69.3,0,0,0,1,0,0
643,0,0.0,0,0,1,1,6,4.65,1,1.252762968495368,3.3638415951183864,2,3,83.69999999999999,0,3,0,1,0,0
644,1,28.0,0,0,1,1,1,56.4958,0,3.367295829986474,4.051711901657239,0,3,169.4874,1,0,0,0,1,0
645,1,0.0,0,0,1,0,4,4.814575,1,1.252762968495368,3.0085645861193133,1,3,57.7749,0,2,0,1,0,0
646,1,0.0,0,0,0,0,2,38.3646,1,3.8918202981106265,4.353230991152628,0,1,76.7292,1,1,0,0,1,0
647,0,19.0,0,0,1,1,1,7.8958,1,2.995732273553991,2.1855792552411137,0,3,23.6874,1,0,0,0,1,0
648,1,54.5,0,0,0,0,1,35.5,1,4.0163830207523885,3.597312260588446,0,1,35.5,1,0,0,0,0,0
649,0,28.0,0,0,1,1,1,7.55,0,3.367295829986474,2.145931282948669,0,3,22.65,1,0,0,0,1,0
650,1,23.0,0,0,1,1,1,7.55,1,3.1780538303479458,2.145931282948669,0,3,22.65,0,0,0,1,0,0
651,0,28.0,0,0,1,1,1,7.8958,0,3.367295829986474,2.1855792552411137,0,3,23.6874,1,0,0,0,1,0
652,1,0.0,0,0,1,1,2,11.5,1,2.9444389791664403,3.1780538303479458,1,2,46.0,0,0,0,1,0,0
653,0,21.0,0,0,1,1,1,8.4333,1,3.091042453358316,2.244245982405934,0,3,25.2999,1,0,0,0,1,0
654,1,28.0,0,0,1,0,1,7.8292,0,3.367295829986474,2.17806441028492,0,3,23.4876,0,0,0,1,0,0
655,0,18.0,0,0,1,0,1,6.75,1,2.9444389791664403,2.0476928433652555,0,3,20.25,0,0,0,1,0,0
656,0,0.0,0,0,1,1,3,24.5,1,3.218875824868201,4.310799125385514,0,2,147.0,1,2,0,0,1,0
657,0,28.0,0,0,1,1,1,7.8958,0,3.367295829986474,2.1855792552411137,0,3,23.6874,1,0,0,0,1,0
658,0,0.0,0,0,1,0,3,5.166666666666667,1,3.49650756146648,2.803360380906535,1,3,46.5,0,1,0,0,0,1
659,0,23.0,0,0,1,1,1,13.0,1,3.1780538303479458,2.639057329615259,0,2,26.0,1,0,0,0,1,0
660,0,0.0,0,0,0,0,3,33.42293333333333,1,4.0163830207523885,4.61777836776278,2,1,100.2688,1,0,0,0,1,0
661,1,0.0,0,0,1,1,3,33.42293333333333,1,3.9318256327243257,4.61777836776278,0,1,100.2688,1,2,0,0,0,0
662,0,40.0,0,0,1,0,1,7.225,1,3.713572066704308,2.107178296651436,0,3,21.675,1,0,0,0,1,0
663,0,47.0,0,0,0,1,1,25.5875,1,3.8712010109078903,3.280441180526356,0,1,25.5875,1,0,0,0,1,0
664,0,36.0,0,0,1,1,1,7.4958,1,3.610917912644224,2.139571923732859,0,3,22.4874,1,0,0,0,1,0
665,1,0.0,0,0,1,1,2,3.9625,1,3.044522437723423,2.188856327665703,0,3,23.775,1,1,0,0,1,0
666,0,0.0,0,0,1,1,3,24.5,1,3.49650756146648,4.310799125385514,0,2,147.0,1,2,0,0,1,0
667,0,25.0,0,0,1,1,1,13.0,1,3.258096538021482,2.639057329615259,0,2,26.0,1,0,0,0,1,0
668,0,28.0,0,0,1,1,1,7.775,0,3.367295829986474,2.1719067693519296,0,3,23.325000000000003,1,0,0,0,1,0
669,0,43.0,0,0,1,1,1,8.05,1,3.784189633918261,2.2027647577118348,0,3,24.15,1,0,0,0,1,0
670,1,0.0,1,0,0,1,2,26.0,0,3.367295829986474,3.970291913552122,0,1,52.0,0,1,0,0,0,1
671,1,0.0,0,0,1,1,3,13.0,1,3.713572066704308,3.688879454113936,1,2,78.0,0,1,0,0,0,1
672,0,0.0,0,0,0,1,2,26.0,1,3.4657359027997265,3.970291913552122,0,1,52.0,1,1,0,0,1,0
673,0,54.5,0,0,1,1,1,10.5,1,4.0163830207523885,2.4423470353692043,0,2,21.0,1,0,0,0,1,0
674,1,31.0,0,0,1,1,1,13.0,1,3.4657359027997265,2.639057329615259,0,2,26.0,1,0,0,0,1,0
675,0,28.0,0,0,1,1,1,0.0,0,3.367295829986474,0.0,0,2,0.0,1,0,0,0,1,0
676,0,18.0,0,0,1,1,1,7.775,1,2.9444389791664403,2.1719067693519296,0,3,23.325000000000003,1,0,0,0,1,0
677,0,24.5,0,0,1,1,1,8.05,1,3.2386784521643803,2.2027647577118348,0,3,24.15,1,0,0,0,1,0
678,1,18.0,0,0,1,1,1,9.8417,1,2.9444389791664403,2.383399810283765,0,3,29.5251,0,0,0,1,0,0
679,0,0.0,0,0,1,1,8,5.8625,1,3.784189633918261,3.8691155044168695,6,3,140.7,0,1,0,0,0,1
680,1,0.0,0,0,0,0,2,50.1344,1,3.610917912644224,4.61777836776278,1,1,100.2688,1,0,0,0,1,0
681,0,28.0,0,0,1,0,1,8.1375,0,3.367295829986474,2.212386825075897,0,3,24.4125,0,0,0,1,0,0
682,1,27.0,0,0,0,0,1,76.7292,1,3.332204510175204,4.353230991152628,0,1,76.7292,1,0,0,0,1,0
683,0,20.0,0,0,1,1,1,9.225,1,3.044522437723423,2.324835701928865,0,3,27.675,1,0,0,0,1,0
684,0,0.0,0,0,1,1,8,5.8625,1,2.70805020110221,3.8691155044168695,2,3,140.7,1,5,0,0,1,0
685,0,0.0,0,0,1,1,3,13.0,1,4.0163830207523885,3.688879454113936,1,2,78.0,1,1,0,0,1,0
686,0,0.0,0,0,1,0,4,10.3948,1,3.258096538021482,3.751365871125377,2,2,83.1584,1,1,0,0,1,0
687,0,0.0,0,0,1,1,6,6.614583333333333,1,2.70805020110221,3.705920919968788,1,3,119.0625,1,4,0,0,1,0
688,0,19.0,0,0,1,1,1,10.1708,1,2.995732273553991,2.413303230928308,0,3,30.5124,1,0,0,0,1,0
689,0,18.0,0,0,1,1,1,7.7958,1,2.9444389791664403,2.174274334826008,0,3,23.3874,1,0,0,0,1,0
690,1,0.0,0,0,0,1,2,50.1344,1,2.772588722239781,4.61777836776278,1,1,100.2688,0,0,0,1,0,0
691,1,0.0,0,0,0,1,2,28.5,1,3.4657359027997265,4.060443010546419,0,1,57.0,1,1,0,0,1,0
692,1,0.0,0,0,1,0,2,6.70835,1,1.6094379124341005,2.668387256845834,1,3,40.2501,0,0,0,1,0,0
693,1,28.0,0,0,1,1,1,56.4958,0,3.367295829986474,4.051711901657239,0,3,169.4874,1,0,0,0,1,0
694,0,25.0,0,0,1,0,1,7.225,1,3.258096538021482,2.107178296651436,0,3,21.675,1,0,0,0,1,0
695,0,54.5,0,0,1,1,1,26.55,1,4.0163830207523885,3.316002535598924,0,1,26.55,1,0,0,0,0,0
696,0,52.0,0,0,1,1,1,13.5,1,3.970291913552122,2.6741486494265287,0,2,27.0,1,0,0,0,1,0
697,0,44.0,0,0,1,1,1,8.05,1,3.80666248977032,2.2027647577118348,0,3,24.15,1,0,0,0,1,0
698,1,28.0,0,0,1,0,1,7.7333,0,3.367295829986474,2.167143305297764,0,3,23.1999,0,0,0,1,0,0
699,0,0.0,1,0,0,0,3,33.42293333333333,1,3.912023005428146,4.61777836776278,1,1,100.2688,1,1,0,0,1,0
700,0,42.0,0,0,0,1,1,7.65,1,3.7612001156935615,2.157559320943788,0,3,22.950000000000003,1,0,0,0,1,0
701,1,0.0,1,0,0,0,2,50.1344,1,2.9444389791664403,4.61777836776278,0,1,100.2688,0,1,0,0,0,1
702,1,35.0,0,0,0,1,1,26.2875,1,3.58351893845611,3.3064287218760624,0,1,26.2875,1,0,0,0,1,0
703,0,0.0,0,0,1,0,2,7.2271,1,2.9444389791664403,2.737880811060884,1,3,43.3626,0,0,0,1,0,0
704,0,25.0,0,0,1,0,1,7.7417,1,3.258096538021482,2.1681046787623672,0,3,23.2251,1,0,0,0,1,0
705,0,0.0,0,0,1,1,2,3.9271,1,3.295836866004329,2.180891922715322,0,3,23.5626,1,1,0,0,1,0
706,0,39.0,0,0,1,1,1,26.0,1,3.688879454113936,3.295836866004329,0,2,52.0,1,0,0,0,1,0
707,1,45.0,0,0,1,1,1,13.5,1,3.828641396489095,2.6741486494265287,0,2,27.0,0,0,0,0,0,1
708,1,42.0,0,0,0,1,1,26.2875,1,3.7612001156935615,3.3064287218760624,0,1,26.2875,1,0,0,0,1,0
709,1,22.0,0,0,1,1,1,100.2688,1,3.1354942159291497,4.61777836776278,0,1,100.2688,0,0,0,1,0,0
710,1,0.0,0,0,1,0,3,5.081933333333333,0,3.367295829986474,2.787834413830345,1,3,45.7374,1,1,1,0,0,0
711,1,24.0,1,0,0,0,1,49.5042,1,3.218875824868201,3.922056501139853,0,1,49.5042,0,0,0,1,0,0
712,0,28.0,1,0,0,1,1,26.55,0,3.367295829986474,3.316002535598924,0,1,26.55,1,0,0,0,1,0
713,1,0.0,1,0,0,1,2,26.0,1,3.8918202981106265,3.970291913552122,0,1,52.0,1,1,0,0,1,0
714,0,29.0,0,0,1,1,1,9.4833,1,3.4011973816621555,2.3497835148230464,0,3,28.4499,1,0,0,0,1,0
715,0,52.0,0,0,1,1,1,13.0,1,3.970291913552122,2.639057329615259,0,2,26.0,1,0,0,0,1,0
716,0,19.0,0,0,0,1,1,7.65,1,2.995732273553991,2.157559320943788,0,3,22.950000000000003,1,0,0,0,1,0
717,1,38.0,1,0,0,0,1,100.2688,1,3.6635616461296463,4.61777836776278,0,1,100.2688,0,0,0,1,0,0
718,1,27.0,0,0,0,1,1,10.5,1,3.332204510175204,2.4423470353692043,0,2,21.0,0,0,0,1,0,0
719,0,28.0,0,0,1,0,1,15.5,0,3.367295829986474,2.803360380906535,0,3,46.5,1,0,0,0,1,0
720,0,33.0,0,0,1,1,1,7.775,1,3.5263605246161616,2.1719067693519296,0,3,23.325000000000003,1,0,0,0,1,0
721,1,0.0,0,0,1,1,2,16.5,1,1.9459101490553128,3.5263605246161616,1,2,66.0,0,0,0,1,0,0
722,0,0.0,0,0,1,1,2,3.5271,1,2.8903717578961645,2.086193694502369,0,3,21.1626,1,1,0,0,1,0
723,0,34.0,0,0,1,1,1,13.0,1,3.555348061489413,2.639057329615259,0,2,26.0,1,0,0,0,1,0
724,0,50.0,0,0,1,1,1,13.0,1,3.9318256327243257,2.639057329615259,0,2,26.0,1,0,0,0,1,0
725,1,0.0,0,0,0,1,2,26.55,1,3.332204510175204,3.990834185852436,0,1,53.1,1,1,0,0,1,0
726,0,20.0,0,0,1,1,1,8.6625,1,3.044522437723423,2.2682524139135403,0,3,25.9875,1,0,0,0,1,0
727,1,0.0,0,0,1,1,4,5.25,1,3.4339872044851463,3.091042453358316,0,2,42.0,0,3,0,0,0,1
728,1,28.0,0,0,1,0,1,7.7375,0,3.367295829986474,2.1676241075599285,0,3,23.2125,0,0,0,1,0,0
729,0,0.0,0,0,1,1,2,13.0,1,3.258096538021482,3.295836866004329,0,2,52.0,1,1,0,0,1,0
730,0,0.0,0,0,1,1,2,3.9625,1,3.258096538021482,2.188856327665703,0,3,23.775,0,1,0,1,0,0
731,1,29.0,0,0,0,1,1,100.2688,1,3.4011973816621555,4.61777836776278,0,1,100.2688,0,0,0,1,0,0
732,0,11.0,0,0,1,0,1,18.7875,1,2.4849066497880004,2.9850504252071306,0,3,56.3625,1,0,0,0,1,0
733,0,28.0,0,0,1,1,1,0.0,0,3.367295829986474,0.0,0,2,0.0,1,0,0,0,1,0
734,0,23.0,0,0,1,1,1,13.0,1,3.1780538303479458,2.639057329615259,0,2,26.0,1,0,0,0,1,0
735,0,23.0,0,0,1,1,1,13.0,1,3.1780538303479458,2.639057329615259,0,2,26.0,1,0,0,0,1,0
736,0,28.5,0,0,1,1,1,16.1,1,3.3843902633457743,2.8390784635086144,0,3,48.3,1,0,0,0,1,0
737,0,0.0,0,0,1,1,5,6.875,1,3.8918202981106265,3.566005355963401,3,3,103.125,0,1,0,0,0,1
738,1,35.0,0,0,0,0,1,100.2688,1,3.58351893845611,4.61777836776278,0,1,100.2688,1,0,0,0,1,0
739,0,28.0,0,0,1,1,1,7.8958,0,3.367295829986474,2.1855792552411137,0,3,23.6874,1,0,0,0,1,0
740,0,28.0,0,0,1,1,1,7.8958,0,3.367295829986474,2.1855792552411137,0,3,23.6874,1,0,0,0,1,0
741,1,28.0,0,0,0,1,1,30.0,0,3.367295829986474,3.4339872044851463,0,1,30.0,1,0,0,0,1,0
742,0,0.0,1,0,0,1,2,39.425,1,3.610917912644224,4.380149874661021,0,1,78.85,1,1,0,0,1,0
743,1,0.0,0,0,0,0,5,20.05376,1,3.091042453358316,4.61777836776278,2,1,100.2688,0,2,0,1,0,0
744,0,0.0,0,0,1,1,2,8.05,1,3.218875824868201,2.8390784635086144,0,3,48.3,1,1,0,0,1,0
745,1,31.0,0,0,1,1,1,7.925,1,3.4657359027997265,2.188856327665703,0,3,23.775,1,0,0,0,1,0
746,0,0.0,0,0,0,1,3,23.666666666666668,1,4.0163830207523885,4.276666119016055,1,1,71.0,1,1,0,0,0,0
747,0,0.0,0,0,1,1,3,6.75,1,2.833213344056216,3.056356895370426,1,3,60.75,1,1,0,0,1,0
748,1,30.0,0,0,1,1,1,13.0,1,3.4339872044851463,2.639057329615259,0,2,26.0,0,0,0,1,0,0
749,0,0.0,0,0,0,1,2,26.55,1,2.995732273553991,3.990834185852436,0,1,53.1,1,1,0,0,1,0
750,0,31.0,0,0,1,0,1,7.75,1,3.4657359027997265,2.169053700369523,0,3,23.25,1,0,0,0,1,0
751,1,0.0,0,0,1,1,3,7.666666666666667,1,1.6094379124341005,3.1780538303479458,1,2,46.0,0,1,0,1,0,0
752,1,0.0,0,0,0,1,2,6.2375,1,1.9459101490553128,2.600836116795061,1,3,37.425,1,0,1,0,0,0
753,0,33.0,0,0,1,1,1,9.5,1,3.5263605246161616,2.3513752571634776,0,3,28.5,1,0,0,0,1,0
754,0,23.0,0,0,1,1,1,7.8958,1,3.1780538303479458,2.1855792552411137,0,3,23.6874,1,0,0,0,1,0
755,1,0.0,0,0,1,1,4,16.25,1,3.8918202981106265,4.189654742026425,2,2,130.0,0,1,0,0,0,1
756,1,0.0,0,0,1,1,3,4.833333333333333,1,1.252762968495368,2.740840023925201,1,2,29.0,1,1,1,0,0,0
757,0,28.0,0,0,1,1,1,7.7958,1,3.367295829986474,2.174274334826008,0,3,23.3874,1,0,0,0,1,0
758,0,18.0,0,0,1,1,1,11.5,1,2.9444389791664403,2.525728644308256,0,2,23.0,1,0,0,0,1,0
759,0,34.0,0,0,1,1,1,8.05,1,3.555348061489413,2.2027647577118348,0,3,24.15,1,0,0,0,1,0
760,1,33.0,0,0,0,1,1,86.5,1,3.5263605246161616,4.471638793363569,0,1,86.5,0,0,0,0,0,0
761,0,28.0,0,0,1,1,1,14.5,0,3.367295829986474,2.740840023925201,0,3,43.5,1,0,0,0,1,0
762,0,41.0,0,0,1,1,1,7.125,1,3.737669618283368,2.094945728215801,0,3,21.375,1,0,0,0,1,0
763,1,20.0,0,0,1,0,1,7.2292,1,3.044522437723423,2.1076888046179385,0,3,21.6876,1,0,0,0,1,0
764,1,0.0,0,0,0,1,4,25.0672,1,3.610917912644224,4.61777836776278,2,1,100.2688,0,1,0,0,0,1
765,0,16.0,0,0,1,1,1,7.775,1,2.833213344056216,2.1719067693519296,0,3,23.325000000000003,1,0,0,0,1,0
766,1,0.0,0,0,0,1,2,38.97915,1,3.951243718581428,4.368919865004903,0,1,77.9583,0,1,0,0,0,1
767,0,28.0,0,0,1,0,1,39.6,0,3.367295829986474,3.703768066607687,0,1,39.6,1,0,0,0,0,0
768,0,30.5,0,0,1,0,1,7.75,1,3.449987545831587,2.169053700369523,0,3,23.25,0,0,0,1,0,0
769,0,0.0,0,0,1,0,2,12.075,0,3.367295829986474,3.224857896545748,0,3,72.44999999999999,1,1,0,0,1,0
770,0,32.0,0,0,1,1,1,8.3625,1,3.49650756146648,2.236712348843338,0,3,25.0875,1,0,0,0,1,0
771,0,24.0,0,0,1,1,1,9.5,1,3.218875824868201,2.3513752571634776,0,3,28.5,1,0,0,0,1,0
772,0,48.0,0,0,1,1,1,7.8542,1,3.8918202981106265,2.180891922715322,0,3,23.5626,1,0,0,0,1,0
773,0,54.5,0,0,0,1,1,10.5,1,4.0163830207523885,2.4423470353692043,0,2,21.0,0,0,0,0,0,1
774,0,28.0,0,0,1,0,1,7.225,0,3.367295829986474,2.107178296651436,0,3,21.675,1,0,0,0,1,0
775,1,0.0,0,0,1,1,5,4.6,1,4.007333185232471,3.1780538303479458,3,2,46.0,0,1,0,0,0,1
776,0,18.0,0,0,1,1,1,7.75,1,2.9444389791664403,2.169053700369523,0,3,23.25,1,0,0,0,1,0
777,0,28.0,0,0,0,0,1,7.75,0,3.367295829986474,2.169053700369523,0,3,23.25,1,0,0,0,1,0
778,1,5.0,0,0,1,1,1,12.475,1,1.791759469228055,2.600836116795061,0,3,37.425,0,0,0,1,0,0
779,0,28.0,0,0,1,0,1,7.7375,0,3.367295829986474,2.1676241075599285,0,3,23.2125,1,0,0,0,1,0
780,1,0.0,0,0,0,1,2,50.1344,1,3.784189633918261,4.61777836776278,1,1,100.2688,0,0,0,0,0,1
781,1,13.0,0,0,1,0,1,7.2292,1,2.639057329615259,2.1076888046179385,0,3,21.6876,0,0,0,1,0,0
782,1,0.0,0,0,0,1,2,28.5,1,2.8903717578961645,4.060443010546419,0,1,57.0,0,1,0,0,0,1
783,0,29.0,0,0,0,1,1,30.0,1,3.4011973816621555,3.4339872044851463,0,1,30.0,1,0,0,0,1,0
784,0,0.0,0,0,1,1,4,5.8625,0,3.367295829986474,3.196630215920881,2,3,70.35,1,1,0,0,1,0
785,0,25.0,0,0,1,1,1,7.05,1,3.258096538021482,2.085672091430472,0,3,21.15,1,0,0,0,1,0
786,0,25.0,0,0,1,1,1,7.25,1,3.258096538021482,2.110213200346589,0,3,21.75,1,0,0,0,1,0
787,1,18.0,0,0,1,1,1,7.4958,1,2.9444389791664403,2.139571923732859,0,3,22.4874,0,0,0,1,0,0
788,0,0.0,0,0,1,0,6,4.854166666666667,1,2.19722457733622,3.405355391810819,1,3,87.375,1,4,1,0,0,0
789,1,0.0,0,0,1,1,4,5.14375,1,1.252762968495368,3.0715352369694915,2,3,61.725,1,1,1,0,0,0
790,0,46.0,0,0,0,0,1,79.2,1,3.8501476017100575,4.384523514872469,0,1,79.2,1,0,0,0,1,0
791,0,28.0,0,0,1,0,1,7.75,0,3.367295829986474,2.169053700369523,0,3,23.25,1,0,0,0,1,0
792,0,16.0,0,0,1,1,1,26.0,1,2.833213344056216,3.295836866004329,0,2,52.0,1,0,0,0,1,0
793,0,0.0,0,0,1,1,11,6.322727272727272,0,3.367295829986474,4.256321678298823,2,3,208.65,0,8,0,1,0,0
794,0,28.0,0,0,1,0,1,30.6958,0,3.367295829986474,3.4561841799918147,0,1,30.6958,1,0,0,0,1,0
795,0,25.0,0,0,1,1,1,7.8958,1,3.258096538021482,2.1855792552411137,0,3,23.6874,1,0,0,0,1,0
796,0,39.0,0,0,1,1,1,13.0,1,3.688879454113936,2.639057329615259,0,2,26.0,1,0,0,0,1,0
797,1,49.0,0,0,0,1,1,25.9292,1,3.912023005428146,3.2932111997353943,0,1,25.9292,0,0,0,0,0,0
798,1,31.0,0,0,1,1,1,8.6833,1,3.4657359027997265,2.270402752283094,0,3,26.0499,0,0,0,0,0,1
799,0,30.0,0,0,1,0,1,7.2292,1,3.4339872044851463,2.1076888046179385,0,3,21.6876,1,0,0,0,1,0
800,0,0.0,0,0,1,1,3,8.049999999999999,1,3.4339872044851463,3.224857896545748,1,3,72.44999999999999,0,1,0,0,0,1
801,0,34.0,0,0,1,1,1,13.0,1,3.555348061489413,2.639057329615259,0,2,26.0,1,0,0,0,1,0
802,1,0.0,0,0,1,1,3,8.75,1,3.4657359027997265,3.305053521109253,1,2,52.5,0,1,0,0,0,1
803,1,0.0,0,0,0,1,4,25.0672,1,2.4849066497880004,4.61777836776278,2,1,100.2688,1,1,1,0,0,0
804,1,0.0,0,0,1,0,2,4.25835,1,1.252762968495368,2.2530481500547457,1,3,25.5501,1,0,1,0,0,0
805,1,27.0,0,0,1,1,1,6.975,1,3.332204510175204,2.076311648670908,0,3,20.925,1,0,0,0,1,0
806,0,31.0,0,0,1,1,1,7.775,1,3.4657359027997265,2.1719067693519296,0,3,23.325000000000003,1,0,0,0,1,0
807,0,39.0,0,0,0,1,1,0.0,1,3.688879454113936,0.0,0,1,0.0,1,0,0,0,1,0
808,0,18.0,0,0,1,1,1,7.775,1,2.9444389791664403,2.1719067693519296,0,3,23.325000000000003,0,0,0,1,0,0
809,0,39.0,0,0,1,1,1,13.0,1,3.688879454113936,2.639057329615259,0,2,26.0,1,0,0,0,1,0
810,1,0.0,0,0,0,1,2,26.55,1,3.5263605246161616,3.990834185852436,0,1,53.1,0,1,0,0,0,1
811,0,26.0,0,0,1,1,1,7.8875,1,3.295836866004329,2.1846457951293594,0,3,23.6625,1,0,0,0,1,0
812,0,39.0,0,0,1,1,1,24.15,1,3.688879454113936,3.224857896545748,0,3,72.44999999999999,1,0,0,0,1,0
813,0,35.0,0,0,1,1,1,10.5,1,3.58351893845611,2.4423470353692043,0,2,21.0,1,0,0,0,1,0
814,0,0.0,0,0,1,1,7,4.467857142857143,1,1.9459101490553128,3.4742929367327062,2,3,93.825,0,4,0,1,0,0
815,0,30.5,0,0,1,1,1,8.05,1,3.449987545831587,2.2027647577118348,0,3,24.15,1,0,0,0,1,0
816,0,28.0,0,0,0,1,1,0.0,0,3.367295829986474,0.0,0,1,0.0,1,0,0,0,1,0
817,0,23.0,0,0,1,1,1,7.925,1,3.1780538303479458,2.188856327665703,0,3,23.775,0,0,0,1,0,0
818,0,0.0,0,0,1,0,3,12.334733333333332,1,3.4657359027997265,3.637696679934592,1,2,74.0084,1,1,0,0,1,0
819,0,43.0,0,0,1,1,1,6.45,1,3.784189633918261,2.0082140323914683,0,3,19.35,1,0,0,0,1,0
820,0,0.0,0,0,1,1,6,4.65,1,2.3978952727983707,3.3638415951183864,2,3,83.69999999999999,1,3,1,0,0,0
821,1,0.0,0,0,0,1,3,31.166666666666668,1,3.970291913552122,4.548599834499697,1,1,93.5,0,1,0,0,0,1
822,1,27.0,0,0,1,1,1,8.6625,1,3.332204510175204,2.2682524139135403,0,3,25.9875,1,0,0,0,1,0
823,0,38.0,0,0,1,1,1,0.0,1,3.6635616461296463,0.0,0,1,0.0,1,0,0,0,0,0
824,1,0.0,0,0,0,1,2,6.2375,1,3.332204510175204,2.600836116795061,1,3,37.425,0,0,0,0,0,1
825,0,0.0,0,0,1,1,6,6.614583333333333,1,1.252762968495368,3.705920919968788,1,3,119.0625,1,4,1,0,0,0
826,0,28.0,0,0,1,0,1,6.95,0,3.367295829986474,2.0731719286662407,0,3,20.85,1,0,0,0,1,0
827,0,28.0,0,0,1,1,1,56.4958,0,3.367295829986474,4.051711901657239,0,3,169.4874,1,0,0,0,1,0
828,1,0.0,0,0,1,0,3,12.334733333333332,1,1.252762968495368,3.637696679934592,2,2,74.0084,1,0,1,0,0,0
829,1,28.0,0,0,1,0,1,7.75,0,3.367295829986474,2.169053700369523,0,3,23.25,1,0,0,0,1,0
830,1,54.5,0,0,0,1,1,80.0,1,4.0163830207523885,4.394449154672439,0,1,80.0,0,0,0,0,0,1
831,1,0.0,0,0,1,0,2,7.2271,1,2.772588722239781,2.737880811060884,0,3,43.3626,0,1,0,0,0,1
832,1,0.0,0,0,1,1,3,6.25,1,1.252762968495368,2.9831534913471307,1,2,37.5,1,1,1,0,0,0
833,0,28.0,0,0,1,0,1,7.2292,0,3.367295829986474,2.1076888046179385,0,3,21.6876,1,0,0,0,1,0
834,0,23.0,0,0,1,1,1,7.8542,1,3.1780538303479458,2.180891922715322,0,3,23.5626,1,0,0,0,1,0
835,0,18.0,0,0,1,1,1,8.3,1,2.9444389791664403,2.2300144001592104,0,3,24.9,1,0,0,0,1,0
836,1,0.0,0,0,0,0,3,27.71943333333333,1,3.688879454113936,4.432699549165613,1,1,83.1583,0,1,0,1,0,0
837,0,21.0,0,0,1,1,1,8.6625,1,3.091042453358316,2.2682524139135403,0,3,25.9875,1,0,0,0,1,0
838,0,28.0,0,0,1,1,1,8.05,0,3.367295829986474,2.2027647577118348,0,3,24.15,1,0,0,0,1,0
839,1,32.0,0,0,1,1,1,56.4958,1,3.49650756146648,4.051711901657239,0,3,169.4874,1,0,0,0,1,0
840,1,28.0,1,0,0,0,1,29.7,0,3.367295829986474,3.4242626545931514,0,1,29.7,1,0,0,0,1,0
841,0,20.0,0,0,1,1,1,7.925,1,3.044522437723423,2.188856327665703,0,3,23.775,1,0,0,0,1,0
842,0,16.0,0,0,1,1,1,10.5,1,2.833213344056216,2.4423470353692043,0,2,21.0,1,0,0,0,1,0
843,1,30.0,0,0,1,0,1,31.0,1,3.4339872044851463,3.4657359027997265,0,1,31.0,0,0,0,1,0,0
844,0,34.5,0,0,1,0,1,6.4375,1,3.56953269648137,2.006534770871748,0,3,19.3125,1,0,0,0,1,0
845,0,17.0,0,0,1,1,1,8.6625,1,2.8903717578961645,2.2682524139135403,0,3,25.9875,1,0,0,0,1,0
846,0,42.0,0,0,1,1,1,7.55,1,3.7612001156935615,2.145931282948669,0,3,22.65,1,0,0,0,1,0
847,0,0.0,0,0,1,1,11,6.322727272727272,0,3.367295829986474,4.256321678298823,2,3,208.65,1,8,0,0,1,0
848,0,35.0,0,0,1,0,1,7.8958,1,3.58351893845611,2.1855792552411137,0,3,23.6874,1,0,0,0,1,0
849,0,0.0,0,0,1,1,2,16.5,1,3.367295829986474,3.5263605246161616,1,2,66.0,1,0,0,0,0,0
850,1,0.0,1,0,0,0,2,44.5521,0,3.367295829986474,4.500966778400217,0,1,89.1042,0,1,0,0,0,1
851,0,0.0,0,0,1,1,7,4.467857142857143,1,1.6094379124341005,3.4742929367327062,2,3,93.825,1,4,1,0,0,0
852,0,54.5,0,0,1,1,1,7.775,1,4.0163830207523885,2.1719067693519296,0,3,23.325000000000003,1,0,0,0,1,0
853,0,0.0,0,0,1,0,3,5.081933333333333,1,2.302585092994046,2.787834413830345,1,3,45.7374,0,1,0,1,0,0
854,1,0.0,0,0,0,1,2,19.7,1,2.833213344056216,3.698829784967105,1,1,39.4,0,0,0,1,0,0
855,0,0.0,0,0,1,1,2,13.0,1,3.80666248977032,3.295836866004329,0,2,52.0,0,1,0,0,0,1
856,1,0.0,0,0,1,1,2,4.675,1,2.9444389791664403,2.336986519711378,1,3,28.05,0,0,0,0,0,1
857,1,0.0,0,0,1,1,3,33.42293333333333,1,3.828641396489095,4.61777836776278,1,1,100.2688,0,1,0,0,0,1
858,1,51.0,0,0,0,1,1,26.55,1,3.951243718581428,3.316002535598924,0,1,26.55,1,0,0,0,1,0
859,1,0.0,0,0,1,0,4,4.814575,1,3.218875824868201,3.0085645861193133,3,3,57.7749,0,0,0,0,0,1
860,0,28.0,0,0,1,0,1,7.2292,0,3.367295829986474,2.1076888046179385,0,3,21.6876,1,0,0,0,1,0
861,0,0.0,0,0,1,1,3,4.702766666666666,1,3.737669618283368,2.7152442616824506,0,3,42.3249,1,2,0,0,1,0
862,0,0.0,0,0,1,1,2,5.75,1,3.091042453358316,2.525728644308256,0,2,23.0,1,1,0,0,1,0
863,1,48.0,0,0,0,1,1,25.9292,1,3.8918202981106265,3.2932111997353943,0,1,25.9292,0,0,0,0,0,1
864,0,0.0,0,0,1,1,11,6.322727272727272,0,3.367295829986474,4.256321678298823,2,3,208.65,0,8,0,1,0,0
865,0,24.0,0,0,1,1,1,13.0,1,3.218875824868201,2.639057329615259,0,2,26.0,1,0,0,0,1,0
866,1,42.0,0,0,1,1,1,13.0,1,3.7612001156935615,2.639057329615259,0,2,26.0,0,0,0,0,0,1
867,1,0.0,0,0,1,0,2,6.92915,1,3.332204510175204,2.698558631668595,0,2,27.7166,0,1,0,1,0,0
868,0,31.0,0,0,0,1,1,50.4958,1,3.4657359027997265,3.941500250945973,0,1,50.4958,1,0,0,0,1,0
869,0,28.0,0,0,1,1,1,9.5,0,3.367295829986474,2.3513752571634776,0,3,28.5,1,0,0,0,1,0
870,1,0.0,0,0,1,1,3,3.7111,1,1.6094379124341005,2.4959537387180646,1,3,33.3999,1,1,1,0,0,0
871,0,26.0,0,0,1,1,1,7.8958,1,3.295836866004329,2.1855792552411137,0,3,23.6874,1,0,0,0,1,0
872,1,0.0,0,0,0,1,3,17.518066666666666,1,3.8712010109078903,3.980694225190728,1,1,52.5542,0,1,0,0,0,1
873,0,33.0,0,0,0,1,1,5.0,1,3.5263605246161616,1.791759469228055,0,1,5.0,1,0,0,0,1,0
874,0,47.0,0,0,1,1,1,9.0,1,3.8712010109078903,2.302585092994046,0,3,27.0,1,0,0,0,1,0
875,1,0.0,0,0,1,0,2,12.0,1,3.367295829986474,3.218875824868201,0,2,48.0,0,1,0,0,0,1
876,1,15.0,0,0,1,0,1,7.225,1,2.772588722239781,2.107178296651436,0,3,21.675,0,0,0,1,0,0
877,0,20.0,0,0,1,1,1,9.8458,1,3.044522437723423,2.3837779082709787,0,3,29.5374,1,0,0,0,1,0
878,0,19.0,0,0,1,1,1,7.8958,1,2.995732273553991,2.1855792552411137,0,3,23.6874,1,0,0,0,1,0
879,0,28.0,0,0,1,1,1,7.8958,0,3.367295829986474,2.1855792552411137,0,3,23.6874,1,0,0,0,1,0
880,1,0.0,1,0,0,0,2,41.57915,1,4.0163830207523885,4.432699549165613,1,1,83.1583,0,0,0,0,0,1
881,1,0.0,0,0,1,1,2,13.0,1,3.258096538021482,3.295836866004329,1,2,52.0,0,0,0,0,0,1
882,0,33.0,0,0,1,1,1,7.8958,1,3.5263605246161616,2.1855792552411137,0,3,23.6874,1,0,0,0,1,0
883,0,22.0,0,0,1,1,1,10.5167,1,3.1354942159291497,2.4437981558973862,0,3,31.5501,0,0,0,1,0,0
884,0,28.0,0,0,1,1,1,10.5,1,3.367295829986474,2.4423470353692043,0,2,21.0,1,0,0,0,1,0
885,0,25.0,0,0,1,1,1,7.05,1,3.258096538021482,2.085672091430472,0,3,21.15,1,0,0,0,1,0
886,0,0.0,0,0,1,0,6,4.854166666666667,1,3.688879454113936,3.405355391810819,5,3,87.375,0,0,0,0,0,1
887,0,27.0,0,0,1,1,1,13.0,1,3.332204510175204,2.639057329615259,0,2,26.0,1,0,0,0,0,0
888,1,19.0,0,0,0,1,1,30.0,1,2.995732273553991,3.4339872044851463,0,1,30.0,0,0,0,1,0,0
889,0,0.0,0,0,1,1,4,5.8625,0,3.367295829986474,3.196630215920881,2,3,70.35,0,1,0,1,0,0
890,1,26.0,1,0,0,0,1,30.0,1,3.295836866004329,3.4339872044851463,0,1,30.0,1,0,0,0,1,0
891,0,32.0,0,0,1,0,1,7.75,1,3.49650756146648,2.169053700369523,0,3,23.25,1,0,0,0,1,0
